ISO-10303-21;
HEADER;
FILE_DESCRIPTION (( 'STEP AP214' ),
    '1' );
FILE_NAME ('User Library-LS027B7DH01 LCD.STEP',
    '2026-05-14T10:11:46',
    ( '' ),
    ( '' ),
    'SwSTEP 2.0',
    'SolidWorks 2022',
    '' );
FILE_SCHEMA (( 'AUTOMOTIVE_DESIGN' ));
ENDSEC;

DATA;
#1 =( LENGTH_UNIT ( ) NAMED_UNIT ( * ) SI_UNIT ( .CENTI., .METRE. ) );
#2 = CARTESIAN_POINT ( 'NONE',  ( 0.2049999999999998768, -0.2600000000000000089, -0.4500000000000000666 ) ) ;
#3 = CARTESIAN_POINT ( 'NONE',  ( -3.469446951953614189E-16, 1.764000000000000012, 0.0005000000000000000104 ) ) ;
#4 = ORIENTED_EDGE ( 'NONE', *, *, #1735, .T. ) ;
#5 = FILL_AREA_STYLE ('',( #273 ) ) ;
#6 = LINE ( 'NONE', #1570, #765 ) ;
#7 = FILL_AREA_STYLE_COLOUR ( '', #169 ) ;
#8 = CARTESIAN_POINT ( 'NONE',  ( 6.240000000000000213, 4.251999999999999780, -0.05999999999999999778 ) ) ;
#9 = UNCERTAINTY_MEASURE_WITH_UNIT (LENGTH_MEASURE( 1.000000000000000082E-05 ), #1262, 'distance_accuracy_value', 'NONE');
#10 = ADVANCED_FACE ( 'NONE', ( #750 ), #862, .T. ) ;
#11 = PRESENTATION_STYLE_ASSIGNMENT (( #149 ) ) ;
#12 = VECTOR ( 'NONE', #237, 100.0000000000000000 ) ;
#13 = DIRECTION ( 'NONE',  ( 0.0000000000000000000, 0.0000000000000000000, 1.000000000000000000 ) ) ;
#14 = UNCERTAINTY_MEASURE_WITH_UNIT (LENGTH_MEASURE( 1.000000000000000082E-05 ), #1525, 'distance_accuracy_value', 'NONE');
#15 = COLOUR_RGB ( '',0.2313725490196078538, 0.2313725490196078538, 0.2313725490196078538 ) ;
#16 = SURFACE_STYLE_FILL_AREA ( #35 ) ;
#17 = ORIENTED_EDGE ( 'NONE', *, *, #973, .T. ) ;
#18 = AXIS2_PLACEMENT_3D ( 'NONE', #689, #1505, #130 ) ;
#19 = SHAPE_REPRESENTATION ( 'Flat cable', ( #705 ), #82 ) ;
#20 = DIRECTION ( 'NONE',  ( -0.0000000000000000000, -1.000000000000000000, 0.0000000000000000000 ) ) ;
#21 = COLOUR_RGB ( '',0.7803921568627451011, 0.7372549019607843590, 0.6862745098039215730 ) ;
#22 = ORIENTED_EDGE ( 'NONE', *, *, #866, .F. ) ;
#23 = SURFACE_STYLE_FILL_AREA ( #191 ) ;
#24 = DIRECTION ( 'NONE',  ( 1.502494455947530054E-31, -9.705745780986710724E-31, 1.000000000000000000 ) ) ;
#25 = CIRCLE ( 'NONE', #581, 0.06500000000000000222 ) ;
#26 = CARTESIAN_POINT ( 'NONE',  ( 2.939999999999999947, 3.528000000000000025, 0.0000000000000000000 ) ) ;
#27 = DIRECTION ( 'NONE',  ( 0.0000000000000000000, -0.0000000000000000000, -1.000000000000000000 ) ) ;
#28 = SURFACE_STYLE_USAGE ( .BOTH. , #134 ) ;
#29 = ORIENTED_EDGE ( 'NONE', *, *, #1349, .T. ) ;
#30 = DIRECTION ( 'NONE',  ( -1.000000000000000000, -0.0000000000000000000, -0.0000000000000000000 ) ) ;
#31 = ORIENTED_EDGE ( 'NONE', *, *, #1319, .F. ) ;
#32 = SURFACE_STYLE_USAGE ( .BOTH. , #980 ) ;
#33 = PRESENTATION_STYLE_ASSIGNMENT (( #1413 ) ) ;
#34 = UNCERTAINTY_MEASURE_WITH_UNIT (LENGTH_MEASURE( 1.000000000000000082E-05 ), #1089, 'distance_accuracy_value', 'NONE');
#35 = FILL_AREA_STYLE ('',( #1406 ) ) ;
#36 = VERTEX_POINT ( 'NONE', #489 ) ;
#37 = EDGE_CURVE ( 'NONE', #72, #155, #1597, .T. ) ;
#38 = EDGE_LOOP ( 'NONE', ( #426, #1634, #836, #1444 ) ) ;
#39 = CYLINDRICAL_SURFACE ( 'NONE', #1663, 0.06500000000000000222 ) ;
#40 = LINE ( 'NONE', #483, #1691 ) ;
#41 = PRESENTATION_STYLE_ASSIGNMENT (( #497 ) ) ;
#42 = SURFACE_SIDE_STYLE ('',( #565 ) ) ;
#43 = DIRECTION ( 'NONE',  ( -7.552537582484060320E-17, 1.000000000000000000, 0.0000000000000000000 ) ) ;
#44 = ORIENTED_EDGE ( 'NONE', *, *, #1800, .F. ) ;
#45 =( NAMED_UNIT ( * ) PLANE_ANGLE_UNIT ( ) SI_UNIT ( $, .RADIAN. ) );
#46 = SURFACE_SIDE_STYLE ('',( #1316 ) ) ;
#47 = EDGE_LOOP ( 'NONE', ( #115, #1801, #742, #1218 ) ) ;
#48 = EDGE_CURVE ( 'NONE', #1539, #1004, #1206, .T. ) ;
#49 = CARTESIAN_POINT ( 'NONE',  ( 0.07000000000000264344, -0.2000000000000000111, -0.4499999999999920730 ) ) ;
#50 = MECHANICAL_DESIGN_GEOMETRIC_PRESENTATION_REPRESENTATION (  '', ( #1162 ), #355 ) ;
#51 =( GEOMETRIC_REPRESENTATION_CONTEXT ( 3 ) GLOBAL_UNCERTAINTY_ASSIGNED_CONTEXT ( ( #53 ) ) GLOBAL_UNIT_ASSIGNED_CONTEXT ( ( #1015, #157, #1436 ) ) REPRESENTATION_CONTEXT ( 'NONE', 'WORKASPACE' ) );
#52 = CYLINDRICAL_SURFACE ( 'NONE', #877, 0.06500000000000000222 ) ;
#53 = UNCERTAINTY_MEASURE_WITH_UNIT (LENGTH_MEASURE( 1.000000000000000082E-05 ), #1015, 'distance_accuracy_value', 'NONE');
#54 = PRESENTATION_LAYER_ASSIGNMENT (  '', '', ( #1025 ) ) ;
#55 = DIRECTION ( 'NONE',  ( 1.224646799147350002E-16, -1.000000000000000000, 0.0000000000000000000 ) ) ;
#56 = VECTOR ( 'NONE', #348, 100.0000000000000000 ) ;
#57 = DIRECTION ( 'NONE',  ( 1.000000000000000000, 0.0000000000000000000, -0.0000000000000000000 ) ) ;
#58 = EDGE_LOOP ( 'NONE', ( #1201, #1531, #1795, #196, #948, #1283, #1381, #376 ) ) ;
#59 = EDGE_CURVE ( 'NONE', #79, #607, #1764, .T. ) ;
#60 = LINE ( 'NONE', #620, #519 ) ;
#61 = CARTESIAN_POINT ( 'NONE',  ( 5.879999999999999893, 3.528000000000000025, 0.0000000000000000000 ) ) ;
#62 = CARTESIAN_POINT ( 'NONE',  ( 2.939999999999999947, 1.764000000000000012, 0.0005000000000000000104 ) ) ;
#63 = FACE_OUTER_BOUND ( 'NONE', #1665, .T. ) ;
#64 = EDGE_LOOP ( 'NONE', ( #304, #272, #1258, #107 ) ) ;
#65 = PRODUCT_DEFINITION_SHAPE ( 'NONE', 'NONE',  #1822 ) ;
#66 = FILL_AREA_STYLE ('',( #215 ) ) ;
#67 = ADVANCED_FACE ( 'NONE', ( #217 ), #641, .F. ) ;
#68 = SURFACE_STYLE_FILL_AREA ( #244 ) ;
#69 = UNCERTAINTY_MEASURE_WITH_UNIT (LENGTH_MEASURE( 1.000000000000000082E-05 ), #761, 'distance_accuracy_value', 'NONE');
#70 = CARTESIAN_POINT ( 'NONE',  ( 0.1700000000000000122, -0.01499999999999999944, -0.4500000000000000666 ) ) ;
#71 =( GEOMETRIC_REPRESENTATION_CONTEXT ( 3 ) GLOBAL_UNCERTAINTY_ASSIGNED_CONTEXT ( ( #1133 ) ) GLOBAL_UNIT_ASSIGNED_CONTEXT ( ( #359, #1755, #501 ) ) REPRESENTATION_CONTEXT ( 'NONE', 'WORKASPACE' ) );
#72 = VERTEX_POINT ( 'NONE', #1181 ) ;
#73 = VECTOR ( 'NONE', #1445, 100.0000000000000000 ) ;
#74 = PRESENTATION_STYLE_ASSIGNMENT (( #192 ) ) ;
#75 = PRESENTATION_STYLE_ASSIGNMENT (( #268 ) ) ;
#76 = EDGE_CURVE ( 'NONE', #1375, #277, #195, .T. ) ;
#77 = DIRECTION ( 'NONE',  ( 0.0000000000000000000, 0.0000000000000000000, 1.000000000000000000 ) ) ;
#78 = DIRECTION ( 'NONE',  ( 1.502494455947530054E-31, -9.705745780986710724E-31, 1.000000000000000000 ) ) ;
#79 = VERTEX_POINT ( 'NONE', #1062 ) ;
#80 =( GEOMETRIC_REPRESENTATION_CONTEXT ( 3 ) GLOBAL_UNCERTAINTY_ASSIGNED_CONTEXT ( ( #783 ) ) GLOBAL_UNIT_ASSIGNED_CONTEXT ( ( #1719, #1039, #1754 ) ) REPRESENTATION_CONTEXT ( 'NONE', 'WORKASPACE' ) );
#81 = CARTESIAN_POINT ( 'NONE',  ( 2.939999999999999947, 3.528000000000000025, 0.0005000000000000000104 ) ) ;
#82 =( GEOMETRIC_REPRESENTATION_CONTEXT ( 3 ) GLOBAL_UNCERTAINTY_ASSIGNED_CONTEXT ( ( #227 ) ) GLOBAL_UNIT_ASSIGNED_CONTEXT ( ( #1426, #204, #1462 ) ) REPRESENTATION_CONTEXT ( 'NONE', 'WORKASPACE' ) );
#83 = SURFACE_SIDE_STYLE ('',( #68 ) ) ;
#84 = APPLICATION_PROTOCOL_DEFINITION ( 'draft international standard', 'automotive_design', 1998, #1320 ) ;
#85 = DIRECTION ( 'NONE',  ( 1.000000000000000000, 0.0000000000000000000, 0.0000000000000000000 ) ) ;
#86 = SURFACE_STYLE_FILL_AREA ( #1472 ) ;
#87 = FILL_AREA_STYLE_COLOUR ( '', #1282 ) ;
#88 = ORIENTED_EDGE ( 'NONE', *, *, #889, .T. ) ;
#89 = DIRECTION ( 'NONE',  ( 1.000000000000000000, 0.0000000000000000000, 0.0000000000000000000 ) ) ;
#90 = EDGE_CURVE ( 'NONE', #264, #1090, #942, .T. ) ;
#91 = CARTESIAN_POINT ( 'NONE',  ( -3.682223690813174518E-16, 3.528000000000000025, 0.0000000000000000000 ) ) ;
#92 =( NAMED_UNIT ( * ) SI_UNIT ( $, .STERADIAN. ) SOLID_ANGLE_UNIT ( ) );
#93 = LINE ( 'NONE', #1712, #596 ) ;
#94 = CARTESIAN_POINT ( 'NONE',  ( -0.03500000000000000333, -0.01499999999999999944, -0.4500000000000000666 ) ) ;
#95 = DIRECTION ( 'NONE',  ( -0.0000000000000000000, -0.0000000000000000000, -1.000000000000000000 ) ) ;
#96 = ORIENTED_EDGE ( 'NONE', *, *, #1179, .F. ) ;
#97 = PLANE ( 'NONE',  #960 ) ;
#98 = LINE ( 'NONE', #811, #1023 ) ;
#99 = EDGE_CURVE ( 'NONE', #782, #1504, #931, .T. ) ;
#100 = SURFACE_SIDE_STYLE ('',( #697 ) ) ;
#101 = CIRCLE ( 'NONE', #1422, 0.06500000000000000222 ) ;
#102 = PRESENTATION_LAYER_ASSIGNMENT (  '', '', ( #378 ) ) ;
#103 = PLANE ( 'NONE',  #854 ) ;
#104 = SURFACE_STYLE_FILL_AREA ( #1363 ) ;
#105 = PLANE ( 'NONE',  #606 ) ;
#106 = SURFACE_STYLE_USAGE ( .BOTH. , #248 ) ;
#107 = ORIENTED_EDGE ( 'NONE', *, *, #1608, .T. ) ;
#108 = DIRECTION ( 'NONE',  ( -0.0000000000000000000, -0.0000000000000000000, -1.000000000000000000 ) ) ;
#109 = AXIS2_PLACEMENT_3D ( 'NONE', #955, #405, #1632 ) ;
#110 = SURFACE_STYLE_USAGE ( .BOTH. , #1503 ) ;
#111 = VERTEX_POINT ( 'NONE', #650 ) ;
#112 = DIRECTION ( 'NONE',  ( 1.000000000000000000, 0.0000000000000000000, 0.0000000000000000000 ) ) ;
#113 = CARTESIAN_POINT ( 'NONE',  ( 0.2049999999999998768, -0.2600000000000000089, 0.4500000000000000666 ) ) ;
#114 = SURFACE_SIDE_STYLE ('',( #1097 ) ) ;
#115 = ORIENTED_EDGE ( 'NONE', *, *, #1685, .F. ) ;
#116 = DIRECTION ( 'NONE',  ( 1.000000000000000000, 0.0000000000000000000, 0.0000000000000000000 ) ) ;
#117 = LINE ( 'NONE', #1211, #1340 ) ;
#118 = ORIENTED_EDGE ( 'NONE', *, *, #59, .T. ) ;
#119 = FACE_OUTER_BOUND ( 'NONE', #47, .T. ) ;
#120 = PRODUCT ( 'Glass', 'Glass', '', ( #1204 ) ) ;
#121 = EDGE_CURVE ( 'NONE', #901, #1110, #1771, .T. ) ;
#122 =( NAMED_UNIT ( * ) SI_UNIT ( $, .STERADIAN. ) SOLID_ANGLE_UNIT ( ) );
#123 = FILL_AREA_STYLE ('',( #832 ) ) ;
#124 = CARTESIAN_POINT ( 'NONE',  ( -0.2999999999999989897, -0.2949999999999979861, 0.2000000000000000111 ) ) ;
#125 = ORIENTED_EDGE ( 'NONE', *, *, #1212, .T. ) ;
#126 = CARTESIAN_POINT ( 'NONE',  ( 5.879999999999999893, 1.764000000000000012, 0.0000000000000000000 ) ) ;
#127 = DIRECTION ( 'NONE',  ( 1.000000000000000000, 0.0000000000000000000, 0.0000000000000000000 ) ) ;
#128 = DIRECTION ( 'NONE',  ( 1.000000000000000000, 0.0000000000000000000, 0.0000000000000000000 ) ) ;
#129 = ORIENTED_EDGE ( 'NONE', *, *, #555, .F. ) ;
#130 = DIRECTION ( 'NONE',  ( 0.0000000000000000000, 0.0000000000000000000, -1.000000000000000000 ) ) ;
#131 = MECHANICAL_DESIGN_GEOMETRIC_PRESENTATION_REPRESENTATION (  '', ( #756 ), #1047 ) ;
#132 = AXIS2_PLACEMENT_3D ( 'NONE', #1378, #250, #283 ) ;
#133 =( NAMED_UNIT ( * ) SI_UNIT ( $, .STERADIAN. ) SOLID_ANGLE_UNIT ( ) );
#134 = SURFACE_SIDE_STYLE ('',( #559 ) ) ;
#135 = ORIENTED_EDGE ( 'NONE', *, *, #1638, .F. ) ;
#136 = VECTOR ( 'NONE', #1509, 100.0000000000000000 ) ;
#137 = FACE_OUTER_BOUND ( 'NONE', #1246, .T. ) ;
#138 = EDGE_CURVE ( 'NONE', #111, #1582, #614, .T. ) ;
#139 =( GEOMETRIC_REPRESENTATION_CONTEXT ( 3 ) GLOBAL_UNCERTAINTY_ASSIGNED_CONTEXT ( ( #34 ) ) GLOBAL_UNIT_ASSIGNED_CONTEXT ( ( #1089, #1515, #1376 ) ) REPRESENTATION_CONTEXT ( 'NONE', 'WORKASPACE' ) );
#140 = CARTESIAN_POINT ( 'NONE',  ( 3.140000000000000568, 4.282000000000000028, -0.05999999999999999778 ) ) ;
#141 = APPLICATION_PROTOCOL_DEFINITION ( 'draft international standard', 'automotive_design', 1998, #1042 ) ;
#142 =( GEOMETRIC_REPRESENTATION_CONTEXT ( 3 ) GLOBAL_UNCERTAINTY_ASSIGNED_CONTEXT ( ( #377 ) ) GLOBAL_UNIT_ASSIGNED_CONTEXT ( ( #1473, #351, #1301 ) ) REPRESENTATION_CONTEXT ( 'NONE', 'WORKASPACE' ) );
#143 =( NAMED_UNIT ( * ) SI_UNIT ( $, .STERADIAN. ) SOLID_ANGLE_UNIT ( ) );
#144 = CARTESIAN_POINT ( 'NONE',  ( -0.2999999999999989897, -0.3099999999999979994, -0.4500000000000000666 ) ) ;
#145 = EDGE_LOOP ( 'NONE', ( #1417, #1155, #249, #1022 ) ) ;
#146 =( NAMED_UNIT ( * ) PLANE_ANGLE_UNIT ( ) SI_UNIT ( $, .RADIAN. ) );
#147 = VERTEX_POINT ( 'NONE', #1114 ) ;
#148 = SURFACE_STYLE_FILL_AREA ( #590 ) ;
#149 = SURFACE_STYLE_USAGE ( .BOTH. , #299 ) ;
#150 = CARTESIAN_POINT ( 'NONE',  ( 2.939999999999999947, 3.528000000000000025, 0.0000000000000000000 ) ) ;
#151 = CARTESIAN_POINT ( 'NONE',  ( 0.07000000000000333733, -0.3249999999999994005, -0.4499999999999930167 ) ) ;
#152 = SURFACE_SIDE_STYLE ('',( #1152 ) ) ;
#153 = SURFACE_STYLE_USAGE ( .BOTH. , #1721 ) ;
#154 = LINE ( 'NONE', #465, #637 ) ;
#155 = VERTEX_POINT ( 'NONE', #113 ) ;
#156 = EDGE_CURVE ( 'NONE', #330, #1164, #1790, .T. ) ;
#157 =( NAMED_UNIT ( * ) PLANE_ANGLE_UNIT ( ) SI_UNIT ( $, .RADIAN. ) );
#158 = DIRECTION ( 'NONE',  ( -1.000000000000000000, 4.251917966649539950E-15, 0.0000000000000000000 ) ) ;
#159 = LINE ( 'NONE', #1427, #1096 ) ;
#160 = UNCERTAINTY_MEASURE_WITH_UNIT (LENGTH_MEASURE( 1.000000000000000082E-05 ), #1609, 'distance_accuracy_value', 'NONE');
#161 = ADVANCED_BREP_SHAPE_REPRESENTATION ( '', ( #1624, #705 ), #643 ) ;
#162 = CARTESIAN_POINT ( 'NONE',  ( -0.2399999999999999911, 0.0000000000000000000, -0.4500000000000000666 ) ) ;
#163 = ORIENTED_EDGE ( 'NONE', *, *, #1304, .T. ) ;
#164 = VECTOR ( 'NONE', #1816, 100.0000000000000000 ) ;
#165 = PLANE ( 'NONE',  #550 ) ;
#166 = STYLED_ITEM ( 'NONE', ( #502 ), #785 ) ;
#167 = ORIENTED_EDGE ( 'NONE', *, *, #776, .T. ) ;
#168 = PRESENTATION_LAYER_ASSIGNMENT (  '', '', ( #819 ) ) ;
#169 = COLOUR_RGB ( '',0.7803921568627451011, 0.7372549019607843590, 0.6862745098039215730 ) ;
#170 = CARTESIAN_POINT ( 'NONE',  ( 0.1699999999999999289, -0.2950000000000000400, 0.4499999999999960698 ) ) ;
#171 =( NAMED_UNIT ( * ) PLANE_ANGLE_UNIT ( ) SI_UNIT ( $, .RADIAN. ) );
#172 =( NAMED_UNIT ( * ) PLANE_ANGLE_UNIT ( ) SI_UNIT ( $, .RADIAN. ) );
#173 = CIRCLE ( 'NONE', #1196, 0.06500000000000000222 ) ;
#174 = EDGE_CURVE ( 'NONE', #874, #1351, #1656, .T. ) ;
#175 = CARTESIAN_POINT ( 'NONE',  ( 3.140000000000000568, 0.0000000000000000000, 0.08100000000000000255 ) ) ;
#176 = EDGE_CURVE ( 'NONE', #79, #1592, #173, .T. ) ;
#177 =( NAMED_UNIT ( * ) SI_UNIT ( $, .STERADIAN. ) SOLID_ANGLE_UNIT ( ) );
#178 = ORIENTED_EDGE ( 'NONE', *, *, #1743, .T. ) ;
#179 = DIRECTION ( 'NONE',  ( -0.0000000000000000000, 1.000000000000000000, 0.0000000000000000000 ) ) ;
#180 = PRESENTATION_STYLE_ASSIGNMENT (( #1433 ) ) ;
#181 = CARTESIAN_POINT ( 'NONE',  ( 3.140000000000000568, 0.1600000000000000033, 0.0000000000000000000 ) ) ;
#182 = FILL_AREA_STYLE ('',( #1256 ) ) ;
#183 = CARTESIAN_POINT ( 'NONE',  ( -6.938893903907228378E-16, 2.141000000000000014, 0.08100000000000000255 ) ) ;
#184 = UNCERTAINTY_MEASURE_WITH_UNIT (LENGTH_MEASURE( 1.000000000000000082E-05 ), #1555, 'distance_accuracy_value', 'NONE');
#185 = EDGE_CURVE ( 'NONE', #1231, #607, #539, .T. ) ;
#186 = ORIENTED_EDGE ( 'NONE', *, *, #1743, .F. ) ;
#187 = FACE_OUTER_BOUND ( 'NONE', #1117, .T. ) ;
#188 = ITEM_DEFINED_TRANSFORMATION ( 'NONE', 'NONE', #1610,  #705 ) ;
#189 = ORIENTED_EDGE ( 'NONE', *, *, #1169, .T. ) ;
#190 = PRODUCT_DEFINITION_CONTEXT ( 'detailed design', #1653, 'design' ) ;
#191 = FILL_AREA_STYLE ('',( #7 ) ) ;
#192 = SURFACE_STYLE_USAGE ( .BOTH. , #1770 ) ;
#193 = CARTESIAN_POINT ( 'NONE',  ( 0.2349999999999998757, -0.2600000000000000089, -0.4500000000000000666 ) ) ;
#194 = DIRECTION ( 'NONE',  ( 1.224646799147350002E-16, -1.000000000000000000, 0.0000000000000000000 ) ) ;
#195 = CIRCLE ( 'NONE', #396, 0.03500000000000000333 ) ;
#196 = ORIENTED_EDGE ( 'NONE', *, *, #1112, .T. ) ;
#197 = ADVANCED_FACE ( 'NONE', ( #1227 ), #1797, .F. ) ;
#198 = PRESENTATION_LAYER_ASSIGNMENT (  '', '', ( #491 ) ) ;
#199 = ORIENTED_EDGE ( 'NONE', *, *, #1608, .F. ) ;
#200 =( GEOMETRIC_REPRESENTATION_CONTEXT ( 3 ) GLOBAL_UNCERTAINTY_ASSIGNED_CONTEXT ( ( #1742 ) ) GLOBAL_UNIT_ASSIGNED_CONTEXT ( ( #1405, #1395, #143 ) ) REPRESENTATION_CONTEXT ( 'NONE', 'WORKASPACE' ) );
#201 = ADVANCED_FACE ( 'NONE', ( #1522 ), #402, .F. ) ;
#202 = FILL_AREA_STYLE_COLOUR ( '', #936 ) ;
#203 = STYLED_ITEM ( 'NONE', ( #440 ), #1359 ) ;
#204 =( NAMED_UNIT ( * ) PLANE_ANGLE_UNIT ( ) SI_UNIT ( $, .RADIAN. ) );
#205 = SURFACE_STYLE_FILL_AREA ( #1452 ) ;
#206 = PRESENTATION_LAYER_ASSIGNMENT (  '', '', ( #1106 ) ) ;
#207 = MECHANICAL_DESIGN_GEOMETRIC_PRESENTATION_REPRESENTATION (  '', ( #939 ), #444 ) ;
#208 = FILL_AREA_STYLE ('',( #917 ) ) ;
#209 = APPLICATION_PROTOCOL_DEFINITION ( 'draft international standard', 'automotive_design', 1998, #1091 ) ;
#210 = SURFACE_STYLE_FILL_AREA ( #362 ) ;
#211 = ORIENTED_EDGE ( 'NONE', *, *, #586, .T. ) ;
#212 = PRODUCT_DEFINITION_CONTEXT ( 'detailed design', #1091, 'design' ) ;
#213 =( NAMED_UNIT ( * ) SI_UNIT ( $, .STERADIAN. ) SOLID_ANGLE_UNIT ( ) );
#214 = EDGE_CURVE ( 'NONE', #1054, #1714, #93, .T. ) ;
#215 = FILL_AREA_STYLE_COLOUR ( '', #770 ) ;
#216 = FILL_AREA_STYLE ('',( #1741 ) ) ;
#217 = FACE_OUTER_BOUND ( 'NONE', #1512, .T. ) ;
#218 = CARTESIAN_POINT ( 'NONE',  ( 0.2049999999999999600, -0.1622822396990910021, -0.4500000000000000666 ) ) ;
#219 = EDGE_LOOP ( 'NONE', ( #1102, #391, #653, #1060 ) ) ;
#220 = ITEM_DEFINED_TRANSFORMATION ( 'NONE', 'NONE', #1461,  #705 ) ;
#221 = FILL_AREA_STYLE ('',( #1197 ) ) ;
#222 = UNCERTAINTY_MEASURE_WITH_UNIT (LENGTH_MEASURE( 1.000000000000000082E-05 ), #270, 'distance_accuracy_value', 'NONE');
#223 = DIRECTION ( 'NONE',  ( -0.0000000000000000000, 0.0000000000000000000, 1.000000000000000000 ) ) ;
#224 = DIRECTION ( 'NONE',  ( -1.000000000000000000, -1.458282922676866335E-61, 1.502494455947530054E-31 ) ) ;
#225 = SURFACE_SIDE_STYLE ('',( #86 ) ) ;
#226 = ORIENTED_EDGE ( 'NONE', *, *, #76, .F. ) ;
#227 = UNCERTAINTY_MEASURE_WITH_UNIT (LENGTH_MEASURE( 1.000000000000000082E-05 ), #1426, 'distance_accuracy_value', 'NONE');
#228 = AXIS2_PLACEMENT_3D ( 'NONE', #245, #806, #1354 ) ;
#229 = DIRECTION ( 'NONE',  ( -1.000000000000000000, 4.251917966649539950E-15, -0.0000000000000000000 ) ) ;
#230 = PRESENTATION_LAYER_ASSIGNMENT (  '', '', ( #758 ) ) ;
#231 = COLOUR_RGB ( '',0.5686274509803921351, 0.5686274509803921351, 0.0000000000000000000 ) ;
#232 = DIRECTION ( 'NONE',  ( 0.0000000000000000000, 0.0000000000000000000, 1.000000000000000000 ) ) ;
#233 = DIRECTION ( 'NONE',  ( 0.0000000000000000000, 0.0000000000000000000, 1.000000000000000000 ) ) ;
#234 = MECHANICAL_DESIGN_GEOMETRIC_PRESENTATION_REPRESENTATION (  '', ( #850 ), #670 ) ;
#235 =( NAMED_UNIT ( * ) PLANE_ANGLE_UNIT ( ) SI_UNIT ( $, .RADIAN. ) );
#236 = EDGE_CURVE ( 'NONE', #1299, #719, #159, .T. ) ;
#237 = DIRECTION ( 'NONE',  ( -0.0000000000000000000, 1.000000000000000000, 0.0000000000000000000 ) ) ;
#238 = VECTOR ( 'NONE', #741, 100.0000000000000000 ) ;
#239 = COLOUR_RGB ( '',0.5686274509803921351, 0.5686274509803921351, 0.0000000000000000000 ) ;
#240 = VERTEX_POINT ( 'NONE', #868 ) ;
#241 = CARTESIAN_POINT ( 'NONE',  ( -0.06499999999999969691, -0.3249999999999990119, 0.4500000000000000666 ) ) ;
#242 = STYLED_ITEM ( 'NONE', ( #1308 ), #161 ) ;
#243 =( NAMED_UNIT ( * ) SI_UNIT ( $, .STERADIAN. ) SOLID_ANGLE_UNIT ( ) );
#244 = FILL_AREA_STYLE ('',( #1322 ) ) ;
#245 = CARTESIAN_POINT ( 'NONE',  ( 3.140000000000000568, 2.230999999999999872, -0.08300000000000000433 ) ) ;
#246 = DIRECTION ( 'NONE',  ( 0.0000000000000000000, 0.0000000000000000000, 1.000000000000000000 ) ) ;
#247 = ADVANCED_FACE ( 'NONE', ( #1684 ), #1150, .T. ) ;
#248 = SURFACE_SIDE_STYLE ('',( #652 ) ) ;
#249 = ORIENTED_EDGE ( 'NONE', *, *, #90, .T. ) ;
#250 = DIRECTION ( 'NONE',  ( 0.8574929257125341042, 0.0000000000000000000, -0.5144957554275432221 ) ) ;
#251 = CARTESIAN_POINT ( 'NONE',  ( -0.004999999999998280126, -0.2000000000000000111, -0.3249999999999960143 ) ) ;
#252 = ORIENTED_EDGE ( 'NONE', *, *, #457, .T. ) ;
#253 = PRODUCT_RELATED_PRODUCT_CATEGORY ( 'part', '', ( #1236 ) ) ;
#254 = CARTESIAN_POINT ( 'NONE',  ( 0.1700000000000000122, -0.05000000000000000278, -0.4500000000000000666 ) ) ;
#255 = EDGE_CURVE ( 'NONE', #1367, #333, #314, .T. ) ;
#256 = COLOUR_RGB ( '',0.2313725490196078538, 0.2313725490196078538, 0.2313725490196078538 ) ;
#257 = MECHANICAL_DESIGN_GEOMETRIC_PRESENTATION_REPRESENTATION (  '', ( #599 ), #1749 ) ;
#258 = COLOUR_RGB ( '',0.2313725490196078538, 0.2313725490196078538, 0.2313725490196078538 ) ;
#259 =( NAMED_UNIT ( * ) PLANE_ANGLE_UNIT ( ) SI_UNIT ( $, .RADIAN. ) );
#260 = PRESENTATION_STYLE_ASSIGNMENT (( #558 ) ) ;
#261 = MECHANICAL_DESIGN_GEOMETRIC_PRESENTATION_REPRESENTATION (  '', ( #819 ), #1694 ) ;
#262 = CARTESIAN_POINT ( 'NONE',  ( 6.280000000000001137, 4.282000000000000028, 0.08100000000000000255 ) ) ;
#263 = PRESENTATION_LAYER_ASSIGNMENT (  '', '', ( #523 ) ) ;
#264 = VERTEX_POINT ( 'NONE', #1701 ) ;
#265 = DIRECTION ( 'NONE',  ( -0.0000000000000000000, 1.000000000000000000, 9.705745780986710724E-31 ) ) ;
#266 = AXIS2_PLACEMENT_3D ( 'NONE', #162, #1257, #861 ) ;
#267 = PRODUCT_DEFINITION_FORMATION_WITH_SPECIFIED_SOURCE ( 'ANY', '', #1236, .NOT_KNOWN. ) ;
#268 = SURFACE_STYLE_USAGE ( .BOTH. , #1789 ) ;
#269 = SURFACE_SIDE_STYLE ('',( #104 ) ) ;
#270 =( LENGTH_UNIT ( ) NAMED_UNIT ( * ) SI_UNIT ( .CENTI., .METRE. ) );
#271 = FACE_OUTER_BOUND ( 'NONE', #58, .T. ) ;
#272 = ORIENTED_EDGE ( 'NONE', *, *, #604, .F. ) ;
#273 = FILL_AREA_STYLE_COLOUR ( '', #21 ) ;
#274 = VERTEX_POINT ( 'NONE', #888 ) ;
#275 = SURFACE_STYLE_FILL_AREA ( #659 ) ;
#276 = LINE ( 'NONE', #534, #1131 ) ;
#277 = VERTEX_POINT ( 'NONE', #991 ) ;
#278 = DIRECTION ( 'NONE',  ( 0.0000000000000000000, -0.0000000000000000000, 1.000000000000000000 ) ) ;
#279 = DIRECTION ( 'NONE',  ( -1.000000000000000000, 4.251917966649539950E-15, -0.0000000000000000000 ) ) ;
#280 = PRODUCT_CONTEXT ( 'NONE', #1698, 'mechanical' ) ;
#281 = ORIENTED_EDGE ( 'NONE', *, *, #185, .F. ) ;
#282 = CLOSED_SHELL ( 'NONE', ( #10, #630, #1389, #1052, #981, #290 ) ) ;
#283 = DIRECTION ( 'NONE',  ( -0.5144957554275432221, 0.0000000000000000000, -0.8574929257125341042 ) ) ;
#284 =( GEOMETRIC_REPRESENTATION_CONTEXT ( 3 ) GLOBAL_UNCERTAINTY_ASSIGNED_CONTEXT ( ( #315 ) ) GLOBAL_UNIT_ASSIGNED_CONTEXT ( ( #897, #1470, #1046 ) ) REPRESENTATION_CONTEXT ( 'NONE', 'WORKASPACE' ) );
#285 = EDGE_CURVE ( 'NONE', #302, #1110, #1002, .T. ) ;
#286 = AXIS2_PLACEMENT_3D ( 'NONE', #1255, #24, #859 ) ;
#287 =( LENGTH_UNIT ( ) NAMED_UNIT ( * ) SI_UNIT ( .CENTI., .METRE. ) );
#288 = AXIS2_PLACEMENT_3D ( 'NONE', #1124, #1532, #278 ) ;
#289 =( NAMED_UNIT ( * ) PLANE_ANGLE_UNIT ( ) SI_UNIT ( $, .RADIAN. ) );
#290 = ADVANCED_FACE ( 'NONE', ( #1557 ), #306, .F. ) ;
#291 = EDGE_LOOP ( 'NONE', ( #441, #504, #493, #871, #1710, #541, #808, #892, #1434, #976, #1420, #370 ) ) ;
#292 = STYLED_ITEM ( 'NONE', ( #260 ), #912 ) ;
#293 = FACE_OUTER_BOUND ( 'NONE', #733, .T. ) ;
#294 = STYLED_ITEM ( 'NONE', ( #695 ), #1225 ) ;
#295 = ORIENTED_EDGE ( 'NONE', *, *, #889, .F. ) ;
#296 = STYLED_ITEM ( 'NONE', ( #851 ), #1566 ) ;
#297 =( NAMED_UNIT ( * ) PLANE_ANGLE_UNIT ( ) SI_UNIT ( $, .RADIAN. ) );
#298 = SHAPE_REPRESENTATION_RELATIONSHIP ( 'NONE' , 'NONE' ,  #778, #388 ) ;
#299 = SURFACE_SIDE_STYLE ('',( #1276 ) ) ;
#300 = FILL_AREA_STYLE_COLOUR ( '', #934 ) ;
#301 = PLANE ( 'NONE',  #266 ) ;
#302 = VERTEX_POINT ( 'NONE', #848 ) ;
#303 =( NAMED_UNIT ( * ) SI_UNIT ( $, .STERADIAN. ) SOLID_ANGLE_UNIT ( ) );
#304 = ORIENTED_EDGE ( 'NONE', *, *, #48, .T. ) ;
#305 =( LENGTH_UNIT ( ) NAMED_UNIT ( * ) SI_UNIT ( .CENTI., .METRE. ) );
#306 = PLANE ( 'NONE',  #1305 ) ;
#307 = EDGE_LOOP ( 'NONE', ( #857, #226, #983, #96 ) ) ;
#308 = CARTESIAN_POINT ( 'NONE',  ( -1.783709347942702100E-16, 0.1600000000000000311, -0.05999999999999999778 ) ) ;
#309 = LINE ( 'NONE', #873, #407 ) ;
#310 = EDGE_LOOP ( 'NONE', ( #1430, #998, #1678, #1357 ) ) ;
#311 =( NAMED_UNIT ( * ) SI_UNIT ( $, .STERADIAN. ) SOLID_ANGLE_UNIT ( ) );
#312 = EDGE_CURVE ( 'NONE', #903, #1299, #1397, .T. ) ;
#313 = VECTOR ( 'NONE', #1491, 100.0000000000000000 ) ;
#314 = LINE ( 'NONE', #1263, #571 ) ;
#315 = UNCERTAINTY_MEASURE_WITH_UNIT (LENGTH_MEASURE( 1.000000000000000082E-05 ), #897, 'distance_accuracy_value', 'NONE');
#316 =( REPRESENTATION_RELATIONSHIP ('NONE','NONE', #626, #19 ) REPRESENTATION_RELATIONSHIP_WITH_TRANSFORMATION ( #1709 )SHAPE_REPRESENTATION_RELATIONSHIP( ) );
#317 = DIRECTION ( 'NONE',  ( 0.0000000000000000000, -1.000000000000000000, -0.0000000000000000000 ) ) ;
#318 = ORIENTED_EDGE ( 'NONE', *, *, #1666, .F. ) ;
#319 = FILL_AREA_STYLE_COLOUR ( '', #1751 ) ;
#320 = SURFACE_STYLE_FILL_AREA ( #1563 ) ;
#321 = STYLED_ITEM ( 'NONE', ( #1723 ), #1029 ) ;
#322 = ORIENTED_EDGE ( 'NONE', *, *, #236, .F. ) ;
#323 = COLOUR_RGB ( '',0.2313725490196078538, 0.2313725490196078538, 0.2313725490196078538 ) ;
#324 = VECTOR ( 'NONE', #1220, 100.0000000000000000 ) ;
#325 = EDGE_CURVE ( 'NONE', #1714, #903, #1344, .T. ) ;
#326 =( GEOMETRIC_REPRESENTATION_CONTEXT ( 3 ) GLOBAL_UNCERTAINTY_ASSIGNED_CONTEXT ( ( #1586 ) ) GLOBAL_UNIT_ASSIGNED_CONTEXT ( ( #1483, #1511, #1523 ) ) REPRESENTATION_CONTEXT ( 'NONE', 'WORKASPACE' ) );
#327 = FILL_AREA_STYLE_COLOUR ( '', #256 ) ;
#328 = VECTOR ( 'NONE', #55, 100.0000000000000000 ) ;
#329 = SURFACE_SIDE_STYLE ('',( #860 ) ) ;
#330 = VERTEX_POINT ( 'NONE', #1321 ) ;
#331 = CARTESIAN_POINT ( 'NONE',  ( 0.07000000000000278222, -0.2949999999999995404, -0.4499999999999919620 ) ) ;
#332 = CARTESIAN_POINT ( 'NONE',  ( 0.2350000000000001532, -0.05000000000000000278, -0.4500000000000000666 ) ) ;
#333 = VERTEX_POINT ( 'NONE', #366 ) ;
#334 = SURFACE_STYLE_FILL_AREA ( #905 ) ;
#335 = SHAPE_REPRESENTATION_RELATIONSHIP ( 'NONE' , 'NONE' ,  #1818, #161 ) ;
#336 =( NAMED_UNIT ( * ) PLANE_ANGLE_UNIT ( ) SI_UNIT ( $, .RADIAN. ) );
#337 = UNCERTAINTY_MEASURE_WITH_UNIT (LENGTH_MEASURE( 1.000000000000000082E-05 ), #1630, 'distance_accuracy_value', 'NONE');
#338 = SURFACE_STYLE_FILL_AREA ( #592 ) ;
#339 = EDGE_CURVE ( 'NONE', #1648, #302, #60, .T. ) ;
#340 = ORIENTED_EDGE ( 'NONE', *, *, #37, .F. ) ;
#341 = SURFACE_STYLE_USAGE ( .BOTH. , #1033 ) ;
#342 =( NAMED_UNIT ( * ) SI_UNIT ( $, .STERADIAN. ) SOLID_ANGLE_UNIT ( ) );
#343 = ORIENTED_EDGE ( 'NONE', *, *, #667, .F. ) ;
#344 = SURFACE_STYLE_FILL_AREA ( #1061 ) ;
#345 = LINE ( 'NONE', #49, #1365 ) ;
#346 = FILL_AREA_STYLE_COLOUR ( '', #1804 ) ;
#347 = ADVANCED_FACE ( 'NONE', ( #921 ), #1205, .F. ) ;
#348 = DIRECTION ( 'NONE',  ( -1.000000000000000000, -0.0000000000000000000, 0.0000000000000000000 ) ) ;
#349 = PRESENTATION_LAYER_ASSIGNMENT (  '', '', ( #1507 ) ) ;
#350 = EDGE_CURVE ( 'NONE', #72, #1375, #1038, .T. ) ;
#351 =( NAMED_UNIT ( * ) PLANE_ANGLE_UNIT ( ) SI_UNIT ( $, .RADIAN. ) );
#352 = ORIENTED_EDGE ( 'NONE', *, *, #236, .T. ) ;
#353 = STYLED_ITEM ( 'NONE', ( #515 ), #433 ) ;
#354 = STYLED_ITEM ( 'NONE', ( #427 ), #656 ) ;
#355 =( GEOMETRIC_REPRESENTATION_CONTEXT ( 3 ) GLOBAL_UNCERTAINTY_ASSIGNED_CONTEXT ( ( #1559 ) ) GLOBAL_UNIT_ASSIGNED_CONTEXT ( ( #1310, #336, #898 ) ) REPRESENTATION_CONTEXT ( 'NONE', 'WORKASPACE' ) );
#356 = MECHANICAL_DESIGN_GEOMETRIC_PRESENTATION_REPRESENTATION (  '', ( #523 ), #549 ) ;
#357 = DIRECTION ( 'NONE',  ( 0.0000000000000000000, 0.0000000000000000000, 1.000000000000000000 ) ) ;
#358 = VECTOR ( 'NONE', #1471, 100.0000000000000000 ) ;
#359 =( LENGTH_UNIT ( ) NAMED_UNIT ( * ) SI_UNIT ( .CENTI., .METRE. ) );
#360 = CYLINDRICAL_SURFACE ( 'NONE', #603, 0.03500000000000000333 ) ;
#361 = AXIS2_PLACEMENT_3D ( 'NONE', #514, #507, #1343 ) ;
#362 = FILL_AREA_STYLE ('',( #1059 ) ) ;
#363 = ORIENTED_EDGE ( 'NONE', *, *, #1673, .T. ) ;
#364 =( NAMED_UNIT ( * ) SI_UNIT ( $, .STERADIAN. ) SOLID_ANGLE_UNIT ( ) );
#365 =( LENGTH_UNIT ( ) NAMED_UNIT ( * ) SI_UNIT ( .CENTI., .METRE. ) );
#366 = CARTESIAN_POINT ( 'NONE',  ( 0.07000000000000274059, -0.2949999999999993738, 0.4499999999999920730 ) ) ;
#367 = LINE ( 'NONE', #1180, #1224 ) ;
#368 =( NAMED_UNIT ( * ) SI_UNIT ( $, .STERADIAN. ) SOLID_ANGLE_UNIT ( ) );
#369 = DIRECTION ( 'NONE',  ( 0.0000000000000000000, -1.000000000000000000, -9.705745780986710724E-31 ) ) ;
#370 = ORIENTED_EDGE ( 'NONE', *, *, #555, .T. ) ;
#371 = ADVANCED_FACE ( 'NONE', ( #777 ), #52, .T. ) ;
#372 = DIRECTION ( 'NONE',  ( -0.0000000000000000000, -1.000000000000000000, 0.0000000000000000000 ) ) ;
#373 = DIRECTION ( 'NONE',  ( 1.000000000000000000, 0.0000000000000000000, 0.0000000000000000000 ) ) ;
#374 = VECTOR ( 'NONE', #1604, 100.0000000000000000 ) ;
#375 = DIRECTION ( 'NONE',  ( -0.0000000000000000000, -0.0000000000000000000, -1.000000000000000000 ) ) ;
#376 = ORIENTED_EDGE ( 'NONE', *, *, #1490, .F. ) ;
#377 = UNCERTAINTY_MEASURE_WITH_UNIT (LENGTH_MEASURE( 1.000000000000000082E-05 ), #1473, 'distance_accuracy_value', 'NONE');
#378 = STYLED_ITEM ( 'NONE', ( #410 ), #654 ) ;
#379 = MECHANICAL_DESIGN_GEOMETRIC_PRESENTATION_REPRESENTATION (  '', ( #1247 ), #792 ) ;
#380 = ADVANCED_FACE ( 'NONE', ( #906 ), #797, .T. ) ;
#381 = MECHANICAL_DESIGN_GEOMETRIC_PRESENTATION_REPRESENTATION (  '', ( #1394 ), #1726 ) ;
#382 = PRODUCT ( 'Flat cable', 'Flat cable', '', ( #805 ) ) ;
#383 = AXIS2_PLACEMENT_3D ( 'NONE', #1615, #78, #369 ) ;
#384 =( NAMED_UNIT ( * ) SI_UNIT ( $, .STERADIAN. ) SOLID_ANGLE_UNIT ( ) );
#385 = ORIENTED_EDGE ( 'NONE', *, *, #973, .F. ) ;
#386 = CARTESIAN_POINT ( 'NONE',  ( -0.2999999999999989897, -0.3249999999999980127, -0.2000000000000000111 ) ) ;
#387 = CARTESIAN_POINT ( 'NONE',  ( -0.07999999999999940492, -0.3249999999999990119, -0.1999999999999990119 ) ) ;
#388 = ADVANCED_BREP_SHAPE_REPRESENTATION ( '', ( #406, #705 ), #1486 ) ;
#389 = CARTESIAN_POINT ( 'NONE',  ( -0.2399999999999999911, 0.0000000000000000000, 0.4500000000000000666 ) ) ;
#390 = LINE ( 'NONE', #824, #136 ) ;
#391 = ORIENTED_EDGE ( 'NONE', *, *, #1232, .F. ) ;
#392 = PRODUCT_DEFINITION_CONTEXT ( 'detailed design', #1185, 'design' ) ;
#393 = CARTESIAN_POINT ( 'NONE',  ( 0.0000000000000000000, 0.0000000000000000000, 0.0000000000000000000 ) ) ;
#394 =( NAMED_UNIT ( * ) PLANE_ANGLE_UNIT ( ) SI_UNIT ( $, .RADIAN. ) );
#395 = DIRECTION ( 'NONE',  ( 0.0000000000000000000, -0.0000000000000000000, 1.000000000000000000 ) ) ;
#396 = AXIS2_PLACEMENT_3D ( 'NONE', #1336, #77, #85 ) ;
#397 = ORIENTED_EDGE ( 'NONE', *, *, #1552, .F. ) ;
#398 = MECHANICAL_DESIGN_GEOMETRIC_PRESENTATION_REPRESENTATION (  '', ( #1268 ), #1537 ) ;
#399 = STYLED_ITEM ( 'NONE', ( #11 ), #290 ) ;
#400 = FILL_AREA_STYLE ('',( #1092 ) ) ;
#401 = COLOUR_RGB ( '',0.5686274509803921351, 0.5686274509803921351, 0.0000000000000000000 ) ;
#402 = PLANE ( 'NONE',  #228 ) ;
#403 = FILL_AREA_STYLE_COLOUR ( '', #1190 ) ;
#404 = VECTOR ( 'NONE', #566, 100.0000000000000000 ) ;
#405 = DIRECTION ( 'NONE',  ( 4.251917966649539950E-15, 1.000000000000000000, 0.0000000000000000000 ) ) ;
#406 = MANIFOLD_SOLID_BREP ( 'Imported1', #985 ) ;
#407 = VECTOR ( 'NONE', #721, 100.0000000000000000 ) ;
#408 = ADVANCED_BREP_SHAPE_REPRESENTATION ( '', ( #1036, #705 ), #82 ) ;
#409 = ORIENTED_EDGE ( 'NONE', *, *, #1587, .F. ) ;
#410 = PRESENTATION_STYLE_ASSIGNMENT (( #1401 ) ) ;
#411 = PRODUCT_DEFINITION_SHAPE ( 'NONE', 'NONE',  #1574 ) ;
#412 = AXIS2_PLACEMENT_3D ( 'NONE', #1745, #474, #605 ) ;
#413 = DIRECTION ( 'NONE',  ( 1.000000000000000000, -1.057355261547770096E-15, 0.0000000000000000000 ) ) ;
#414 = PRESENTATION_LAYER_ASSIGNMENT (  '', '', ( #1435 ) ) ;
#415 =( NAMED_UNIT ( * ) PLANE_ANGLE_UNIT ( ) SI_UNIT ( $, .RADIAN. ) );
#416 = CARTESIAN_POINT ( 'NONE',  ( -0.07999999999999946043, -0.2949999999999991518, -0.1999999999999991784 ) ) ;
#417 = LINE ( 'NONE', #3, #736 ) ;
#418 = ORIENTED_EDGE ( 'NONE', *, *, #751, .F. ) ;
#419 = LINE ( 'NONE', #970, #696 ) ;
#420 = CARTESIAN_POINT ( 'NONE',  ( -0.2399999999999999911, -0.1622822396990910021, -0.4500000000000000666 ) ) ;
#421 = SHAPE_DEFINITION_REPRESENTATION ( #1815, #19 ) ;
#422 = EDGE_LOOP ( 'NONE', ( #919, #88, #773, #1209, #685, #752, #1369, #1458 ) ) ;
#423 = EDGE_CURVE ( 'NONE', #274, #1568, #657, .T. ) ;
#424 = DIRECTION ( 'NONE',  ( 1.000000000000000000, 0.0000000000000000000, 0.0000000000000000000 ) ) ;
#425 = FACE_OUTER_BOUND ( 'NONE', #979, .T. ) ;
#426 = ORIENTED_EDGE ( 'NONE', *, *, #1291, .T. ) ;
#427 = PRESENTATION_STYLE_ASSIGNMENT (( #1679 ) ) ;
#428 = LINE ( 'NONE', #140, #1165 ) ;
#429 = ORIENTED_EDGE ( 'NONE', *, *, #1821, .T. ) ;
#430 = DIRECTION ( 'NONE',  ( 0.0000000000000000000, -0.0000000000000000000, -1.000000000000000000 ) ) ;
#431 = STYLED_ITEM ( 'NONE', ( #1077 ), #197 ) ;
#432 = DIRECTION ( 'NONE',  ( 0.0000000000000000000, 0.0000000000000000000, 1.000000000000000000 ) ) ;
#433 = ADVANCED_FACE ( 'NONE', ( #119 ), #1073, .F. ) ;
#434 = DIRECTION ( 'NONE',  ( 0.0000000000000000000, -1.000000000000000000, 0.0000000000000000000 ) ) ;
#435 = DIRECTION ( 'NONE',  ( 0.0000000000000000000, 0.0000000000000000000, 1.000000000000000000 ) ) ;
#436 = AXIS2_PLACEMENT_3D ( 'NONE', #126, #116, #1514 ) ;
#437 = LINE ( 'NONE', #1415, #238 ) ;
#438 = CARTESIAN_POINT ( 'NONE',  ( -0.2399999999999999911, 0.01499999999999999598, 0.4500000000000000666 ) ) ;
#439 = PRESENTATION_LAYER_ASSIGNMENT (  '', '', ( #1394 ) ) ;
#440 = PRESENTATION_STYLE_ASSIGNMENT (( #986 ) ) ;
#441 = ORIENTED_EDGE ( 'NONE', *, *, #487, .F. ) ;
#442 = STYLED_ITEM ( 'NONE', ( #1380 ), #1494 ) ;
#443 = PLANE ( 'NONE',  #1484 ) ;
#444 =( GEOMETRIC_REPRESENTATION_CONTEXT ( 3 ) GLOBAL_UNCERTAINTY_ASSIGNED_CONTEXT ( ( #817 ) ) GLOBAL_UNIT_ASSIGNED_CONTEXT ( ( #575, #289, #453 ) ) REPRESENTATION_CONTEXT ( 'NONE', 'WORKASPACE' ) );
#445 =( LENGTH_UNIT ( ) NAMED_UNIT ( * ) SI_UNIT ( .CENTI., .METRE. ) );
#446 = PRESENTATION_STYLE_ASSIGNMENT (( #28 ) ) ;
#447 = EDGE_LOOP ( 'NONE', ( #4, #1032, #707, #1565 ) ) ;
#448 = FACE_OUTER_BOUND ( 'NONE', #219, .T. ) ;
#449 = ORIENTED_EDGE ( 'NONE', *, *, #339, .F. ) ;
#450 = CARTESIAN_POINT ( 'NONE',  ( 0.1700000000000000122, -0.05000000000000000278, -0.4500000000000000666 ) ) ;
#451 = FILL_AREA_STYLE ('',( #327 ) ) ;
#452 = LINE ( 'NONE', #183, #1725 ) ;
#453 =( NAMED_UNIT ( * ) SI_UNIT ( $, .STERADIAN. ) SOLID_ANGLE_UNIT ( ) );
#454 = FILL_AREA_STYLE ('',( #576 ) ) ;
#455 = DIRECTION ( 'NONE',  ( 0.0000000000000000000, 0.0000000000000000000, -1.000000000000000000 ) ) ;
#456 = VERTEX_POINT ( 'NONE', #8 ) ;
#457 = EDGE_CURVE ( 'NONE', #1090, #518, #1129, .T. ) ;
#458 = DIRECTION ( 'NONE',  ( 0.0000000000000000000, 0.0000000000000000000, 1.000000000000000000 ) ) ;
#459 = DIRECTION ( 'NONE',  ( 0.0000000000000000000, 0.0000000000000000000, 1.000000000000000000 ) ) ;
#460 =( NAMED_UNIT ( * ) SI_UNIT ( $, .STERADIAN. ) SOLID_ANGLE_UNIT ( ) );
#461 = PRESENTATION_LAYER_ASSIGNMENT (  '', '', ( #599 ) ) ;
#462 = EDGE_LOOP ( 'NONE', ( #1616, #1554, #1317, #22 ) ) ;
#463 = LINE ( 'NONE', #1583, #73 ) ;
#464 = MECHANICAL_DESIGN_GEOMETRIC_PRESENTATION_REPRESENTATION (  '', ( #791 ), #521 ) ;
#465 = CARTESIAN_POINT ( 'NONE',  ( -0.07999999999999940492, -0.2000000000000000111, -0.1999999999999994837 ) ) ;
#466 = ORIENTED_EDGE ( 'NONE', *, *, #1596, .T. ) ;
#467 = UNCERTAINTY_MEASURE_WITH_UNIT (LENGTH_MEASURE( 1.000000000000000082E-05 ), #1296, 'distance_accuracy_value', 'NONE');
#468 =( NAMED_UNIT ( * ) PLANE_ANGLE_UNIT ( ) SI_UNIT ( $, .RADIAN. ) );
#469 = VECTOR ( 'NONE', #1738, 100.0000000000000000 ) ;
#470 =( GEOMETRIC_REPRESENTATION_CONTEXT ( 3 ) GLOBAL_UNCERTAINTY_ASSIGNED_CONTEXT ( ( #1617 ) ) GLOBAL_UNIT_ASSIGNED_CONTEXT ( ( #1400, #700, #177 ) ) REPRESENTATION_CONTEXT ( 'NONE', 'WORKASPACE' ) );
#471 = CARTESIAN_POINT ( 'NONE',  ( 0.2049999999999998490, -0.2600000000000000089, -0.4500000000000000666 ) ) ;
#472 = CARTESIAN_POINT ( 'NONE',  ( -2.621968796974479999E-16, 2.141000000000000014, 0.0000000000000000000 ) ) ;
#473 = FILL_AREA_STYLE ('',( #1300 ) ) ;
#474 = DIRECTION ( 'NONE',  ( 0.0000000000000000000, -1.000000000000000000, 0.0000000000000000000 ) ) ;
#475 = EDGE_LOOP ( 'NONE', ( #587, #199, #1803, #1820 ) ) ;
#476 = SURFACE_SIDE_STYLE ('',( #334 ) ) ;
#477 = EDGE_CURVE ( 'NONE', #719, #1660, #1546, .T. ) ;
#478 = UNCERTAINTY_MEASURE_WITH_UNIT (LENGTH_MEASURE( 1.000000000000000082E-05 ), #1057, 'distance_accuracy_value', 'NONE');
#479 = LINE ( 'NONE', #70, #1702 ) ;
#480 = CARTESIAN_POINT ( 'NONE',  ( 3.140000000000000568, 0.2099999999999999922, -0.05999999999999999778 ) ) ;
#481 = ORIENTED_EDGE ( 'NONE', *, *, #644, .T. ) ;
#482 = CARTESIAN_POINT ( 'NONE',  ( -2.160276953695929972E-16, 1.764000000000000012, 0.0000000000000000000 ) ) ;
#483 = CARTESIAN_POINT ( 'NONE',  ( -0.06499999999999969691, -0.3249999999999990119, -0.4499999999999919620 ) ) ;
#484 = SURFACE_SIDE_STYLE ('',( #1173 ) ) ;
#485 = STYLED_ITEM ( 'NONE', ( #1123 ), #10 ) ;
#486 = CARTESIAN_POINT ( 'NONE',  ( -2.160276953695929972E-16, 1.764000000000000012, 0.0000000000000000000 ) ) ;
#487 = EDGE_CURVE ( 'NONE', #1325, #1561, #556, .T. ) ;
#488 = VECTOR ( 'NONE', #952, 100.0000000000000142 ) ;
#489 = CARTESIAN_POINT ( 'NONE',  ( 6.240000000000000213, 4.251999999999999780, -0.08300000000000000433 ) ) ;
#490 = SURFACE_STYLE_USAGE ( .BOTH. , #225 ) ;
#491 = STYLED_ITEM ( 'NONE', ( #1602 ), #347 ) ;
#492 =( LENGTH_UNIT ( ) NAMED_UNIT ( * ) SI_UNIT ( .CENTI., .METRE. ) );
#493 = ORIENTED_EDGE ( 'NONE', *, *, #1412, .F. ) ;
#494 = PRESENTATION_LAYER_ASSIGNMENT (  '', '', ( #1655 ) ) ;
#495 = AXIS2_PLACEMENT_3D ( 'NONE', #1330, #925, #632 ) ;
#496 = LINE ( 'NONE', #81, #794 ) ;
#497 = SURFACE_STYLE_USAGE ( .BOTH. , #747 ) ;
#498 = SURFACE_STYLE_FILL_AREA ( #221 ) ;
#499 = COLOUR_RGB ( '',0.5686274509803921351, 0.5686274509803921351, 0.0000000000000000000 ) ;
#500 = LINE ( 'NONE', #486, #328 ) ;
#501 =( NAMED_UNIT ( * ) SI_UNIT ( $, .STERADIAN. ) SOLID_ANGLE_UNIT ( ) );
#502 = PRESENTATION_STYLE_ASSIGNMENT (( #490 ) ) ;
#503 = AXIS2_PLACEMENT_3D ( 'NONE', #946, #835, #938 ) ;
#504 = ORIENTED_EDGE ( 'NONE', *, *, #1016, .T. ) ;
#505 = ADVANCED_FACE ( 'NONE', ( #1149 ), #878, .F. ) ;
#506 = SURFACE_SIDE_STYLE ('',( #609 ) ) ;
#507 = DIRECTION ( 'NONE',  ( 1.000000000000000000, 5.551115123125780237E-17, 0.0000000000000000000 ) ) ;
#508 =( NAMED_UNIT ( * ) SI_UNIT ( $, .STERADIAN. ) SOLID_ANGLE_UNIT ( ) );
#509 = DIRECTION ( 'NONE',  ( 1.000000000000000000, 0.0000000000000000000, -0.0000000000000000000 ) ) ;
#510 =( NAMED_UNIT ( * ) PLANE_ANGLE_UNIT ( ) SI_UNIT ( $, .RADIAN. ) );
#511 = VERTEX_POINT ( 'NONE', #170 ) ;
#512 = PLANE ( 'NONE',  #1576 ) ;
#513 = ADVANCED_FACE ( 'NONE', ( #1000 ), #737, .F. ) ;
#514 = CARTESIAN_POINT ( 'NONE',  ( 3.140000000000000568, -0.08000000000000000167, -0.01499999999999999944 ) ) ;
#515 = PRESENTATION_STYLE_ASSIGNMENT (( #1498 ) ) ;
#516 = CARTESIAN_POINT ( 'NONE',  ( 3.140000000000000568, 4.251999999999999780, -0.05999999999999999778 ) ) ;
#517 = PRESENTATION_LAYER_ASSIGNMENT (  '', '', ( #1386 ) ) ;
#518 = VERTEX_POINT ( 'NONE', #1740 ) ;
#519 = VECTOR ( 'NONE', #1621, 100.0000000000000000 ) ;
#520 = CARTESIAN_POINT ( 'NONE',  ( 0.1699999999999998734, -0.3250000000000000111, -0.4499999999999960698 ) ) ;
#521 =( GEOMETRIC_REPRESENTATION_CONTEXT ( 3 ) GLOBAL_UNCERTAINTY_ASSIGNED_CONTEXT ( ( #14 ) ) GLOBAL_UNIT_ASSIGNED_CONTEXT ( ( #1525, #1391, #996 ) ) REPRESENTATION_CONTEXT ( 'NONE', 'WORKASPACE' ) );
#522 = AXIS2_PLACEMENT_3D ( 'NONE', #150, #43, #597 ) ;
#523 = STYLED_ITEM ( 'NONE', ( #1028 ), #1040 ) ;
#524 = FILL_AREA_STYLE_COLOUR ( '', #542 ) ;
#525 = PRESENTATION_LAYER_ASSIGNMENT (  '', '', ( #937 ) ) ;
#526 = CARTESIAN_POINT ( 'NONE',  ( 6.280000000000001137, 0.0000000000000000000, 0.08100000000000000255 ) ) ;
#527 = PRESENTATION_LAYER_ASSIGNMENT (  '', '', ( #939 ) ) ;
#528 = FILL_AREA_STYLE_COLOUR ( '', #499 ) ;
#529 = ORIENTED_EDGE ( 'NONE', *, *, #644, .F. ) ;
#530 = MECHANICAL_DESIGN_GEOMETRIC_PRESENTATION_REPRESENTATION (  '', ( #242 ), #584 ) ;
#531 = FILL_AREA_STYLE ('',( #536 ) ) ;
#532 = EDGE_CURVE ( 'NONE', #1026, #1539, #101, .T. ) ;
#533 = CARTESIAN_POINT ( 'NONE',  ( 2.939999999999999947, 0.0000000000000000000, 0.0005000000000000000104 ) ) ;
#534 = CARTESIAN_POINT ( 'NONE',  ( -0.2999999999999989897, -0.2949999999999979861, -0.4500000000000000666 ) ) ;
#535 = ORIENTED_EDGE ( 'NONE', *, *, #1502, .T. ) ;
#536 = FILL_AREA_STYLE_COLOUR ( '', #1105 ) ;
#537 = ORIENTED_EDGE ( 'NONE', *, *, #156, .T. ) ;
#538 = DIRECTION ( 'NONE',  ( -1.000000000000000000, 1.057355261547770096E-15, 0.0000000000000000000 ) ) ;
#539 = LINE ( 'NONE', #389, #627 ) ;
#540 = FACE_OUTER_BOUND ( 'NONE', #827, .T. ) ;
#541 = ORIENTED_EDGE ( 'NONE', *, *, #1169, .F. ) ;
#542 = COLOUR_RGB ( '',0.5686274509803921351, 0.5686274509803921351, 0.0000000000000000000 ) ;
#543 = VERTEX_POINT ( 'NONE', #1593 ) ;
#544 = COLOUR_RGB ( '',0.7803921568627451011, 0.7372549019607843590, 0.6862745098039215730 ) ;
#545 =( LENGTH_UNIT ( ) NAMED_UNIT ( * ) SI_UNIT ( .CENTI., .METRE. ) );
#546 = MECHANICAL_DESIGN_GEOMETRIC_PRESENTATION_REPRESENTATION (  '', ( #1103 ), #51 ) ;
#547 = PRESENTATION_STYLE_ASSIGNMENT (( #1805 ) ) ;
#548 = DIRECTION ( 'NONE',  ( 0.0000000000000000000, 0.0000000000000000000, 1.000000000000000000 ) ) ;
#549 =( GEOMETRIC_REPRESENTATION_CONTEXT ( 3 ) GLOBAL_UNCERTAINTY_ASSIGNED_CONTEXT ( ( #870 ) ) GLOBAL_UNIT_ASSIGNED_CONTEXT ( ( #1711, #1157, #876 ) ) REPRESENTATION_CONTEXT ( 'NONE', 'WORKASPACE' ) );
#550 = AXIS2_PLACEMENT_3D ( 'NONE', #568, #1252, #1409 ) ;
#551 = ORIENTED_EDGE ( 'NONE', *, *, #312, .T. ) ;
#552 = CARTESIAN_POINT ( 'NONE',  ( 5.879999999999999893, 0.0000000000000000000, 0.0000000000000000000 ) ) ;
#553 = EDGE_LOOP ( 'NONE', ( #1302, #1785, #409, #529 ) ) ;
#554 = PRESENTATION_LAYER_ASSIGNMENT (  '', '', ( #768 ) ) ;
#555 = EDGE_CURVE ( 'NONE', #1568, #1561, #345, .T. ) ;
#556 = LINE ( 'NONE', #1437, #908 ) ;
#557 = APPLICATION_CONTEXT ( 'automotive_design' ) ;
#558 = SURFACE_STYLE_USAGE ( .BOTH. , #1536 ) ;
#559 = SURFACE_STYLE_FILL_AREA ( #1388 ) ;
#560 = SURFACE_SIDE_STYLE ('',( #816 ) ) ;
#561 = DIRECTION ( 'NONE',  ( -0.0000000000000000000, -0.0000000000000000000, 1.000000000000000000 ) ) ;
#562 = SHAPE_DEFINITION_REPRESENTATION ( #1249, #778 ) ;
#563 = EDGE_CURVE ( 'NONE', #1568, #1234, #40, .T. ) ;
#564 = PLANE ( 'NONE',  #1518 ) ;
#565 = SURFACE_STYLE_FILL_AREA ( #182 ) ;
#566 = DIRECTION ( 'NONE',  ( -0.0000000000000000000, 0.0000000000000000000, 1.000000000000000000 ) ) ;
#567 = ORIENTED_EDGE ( 'NONE', *, *, #1146, .F. ) ;
#568 = CARTESIAN_POINT ( 'NONE',  ( 0.04000000000000000083, 2.230999999999999872, -0.05999999999999999778 ) ) ;
#569 = VERTEX_POINT ( 'NONE', #809 ) ;
#570 = FACE_OUTER_BOUND ( 'NONE', #1739, .T. ) ;
#571 = VECTOR ( 'NONE', #1142, 100.0000000000000142 ) ;
#572 = COLOUR_RGB ( '',0.5686274509803921351, 0.5686274509803921351, 0.0000000000000000000 ) ;
#573 =( NAMED_UNIT ( * ) SI_UNIT ( $, .STERADIAN. ) SOLID_ANGLE_UNIT ( ) );
#574 = ADVANCED_FACE ( 'NONE', ( #896 ), #97, .T. ) ;
#575 =( LENGTH_UNIT ( ) NAMED_UNIT ( * ) SI_UNIT ( .CENTI., .METRE. ) );
#576 = FILL_AREA_STYLE_COLOUR ( '', #15 ) ;
#577 = MECHANICAL_DESIGN_GEOMETRIC_PRESENTATION_REPRESENTATION (  '', ( #321 ), #1053 ) ;
#578 = VECTOR ( 'NONE', #1672, 100.0000000000000000 ) ;
#579 = DIRECTION ( 'NONE',  ( -0.0000000000000000000, -1.000000000000000000, -0.0000000000000000000 ) ) ;
#580 = ORIENTED_EDGE ( 'NONE', *, *, #941, .T. ) ;
#581 = AXIS2_PLACEMENT_3D ( 'NONE', #1366, #95, #1640 ) ;
#582 = SURFACE_STYLE_USAGE ( .BOTH. , #735 ) ;
#583 = FILL_AREA_STYLE ('',( #887 ) ) ;
#584 =( GEOMETRIC_REPRESENTATION_CONTEXT ( 3 ) GLOBAL_UNCERTAINTY_ASSIGNED_CONTEXT ( ( #928 ) ) GLOBAL_UNIT_ASSIGNED_CONTEXT ( ( #1577, #171, #1611 ) ) REPRESENTATION_CONTEXT ( 'NONE', 'WORKASPACE' ) );
#585 = UNCERTAINTY_MEASURE_WITH_UNIT (LENGTH_MEASURE( 1.000000000000000082E-05 ), #1159, 'distance_accuracy_value', 'NONE');
#586 = EDGE_CURVE ( 'NONE', #1080, #722, #1642, .T. ) ;
#587 = ORIENTED_EDGE ( 'NONE', *, *, #532, .T. ) ;
#588 = PLANE ( 'NONE',  #847 ) ;
#589 = DIRECTION ( 'NONE',  ( -0.0000000000000000000, 1.000000000000000000, 0.0000000000000000000 ) ) ;
#590 = FILL_AREA_STYLE ('',( #1411 ) ) ;
#591 = FILL_AREA_STYLE_COLOUR ( '', #401 ) ;
#592 = FILL_AREA_STYLE ('',( #622 ) ) ;
#593 = ORIENTED_EDGE ( 'NONE', *, *, #477, .T. ) ;
#594 = ORIENTED_EDGE ( 'NONE', *, *, #1478, .F. ) ;
#595 = MECHANICAL_DESIGN_GEOMETRIC_PRESENTATION_REPRESENTATION (  '', ( #485 ), #1094 ) ;
#596 = VECTOR ( 'NONE', #1120, 100.0000000000000000 ) ;
#597 = DIRECTION ( 'NONE',  ( -1.000000000000000000, -7.552537582484060320E-17, 0.0000000000000000000 ) ) ;
#598 = UNCERTAINTY_MEASURE_WITH_UNIT (LENGTH_MEASURE( 1.000000000000000082E-05 ), #287, 'distance_accuracy_value', 'NONE');
#599 = STYLED_ITEM ( 'NONE', ( #1081 ), #574 ) ;
#600 = LINE ( 'NONE', #472, #1584 ) ;
#601 = ORIENTED_EDGE ( 'NONE', *, *, #1179, .T. ) ;
#602 = FACE_OUTER_BOUND ( 'NONE', #1191, .T. ) ;
#603 = AXIS2_PLACEMENT_3D ( 'NONE', #1199, #246, #373 ) ;
#604 = EDGE_CURVE ( 'NONE', #607, #1004, #612, .T. ) ;
#605 = DIRECTION ( 'NONE',  ( 0.0000000000000000000, -0.0000000000000000000, -1.000000000000000000 ) ) ;
#606 = AXIS2_PLACEMENT_3D ( 'NONE', #1806, #548, #1364 ) ;
#607 = VERTEX_POINT ( 'NONE', #438 ) ;
#608 = VECTOR ( 'NONE', #1358, 100.0000000000000000 ) ;
#609 = SURFACE_STYLE_FILL_AREA ( #1318 ) ;
#610 = EDGE_CURVE ( 'NONE', #1504, #1080, #419, .T. ) ;
#611 = PRESENTATION_LAYER_ASSIGNMENT (  '', '', ( #1519 ) ) ;
#612 = LINE ( 'NONE', #1171, #1477 ) ;
#613 = VECTOR ( 'NONE', #1677, 100.0000000000000000 ) ;
#614 = LINE ( 'NONE', #1737, #488 ) ;
#615 = PRESENTATION_STYLE_ASSIGNMENT (( #153 ) ) ;
#616 = LINE ( 'NONE', #1175, #673 ) ;
#617 = EDGE_LOOP ( 'NONE', ( #481, #882, #1517, #635, #594, #833, #729, #118, #281, #1767, #601, #1446 ) ) ;
#618 =( NAMED_UNIT ( * ) PLANE_ANGLE_UNIT ( ) SI_UNIT ( $, .RADIAN. ) );
#619 = PRODUCT_DEFINITION ( 'UNKNOWN', '', #267, #190 ) ;
#620 = CARTESIAN_POINT ( 'NONE',  ( 5.879999999999999893, 1.764000000000000012, 0.0000000000000000000 ) ) ;
#621 = UNCERTAINTY_MEASURE_WITH_UNIT (LENGTH_MEASURE( 1.000000000000000082E-05 ), #1651, 'distance_accuracy_value', 'NONE');
#622 = FILL_AREA_STYLE_COLOUR ( '', #997 ) ;
#623 = SURFACE_SIDE_STYLE ('',( #771 ) ) ;
#624 = FILL_AREA_STYLE ('',( #1034 ) ) ;
#625 = ORIENTED_EDGE ( 'NONE', *, *, #1112, .F. ) ;
#626 = SHAPE_REPRESENTATION ( 'User Library-LS027B7DH01 LCD', ( #503, #1461, #1610, #361 ), #1345 ) ;
#627 = VECTOR ( 'NONE', #1819, 100.0000000000000000 ) ;
#628 = PRESENTATION_STYLE_ASSIGNMENT (( #1021 ) ) ;
#629 = VECTOR ( 'NONE', #1463, 100.0000000000000000 ) ;
#630 = ADVANCED_FACE ( 'NONE', ( #293 ), #957, .T. ) ;
#631 = FILL_AREA_STYLE_COLOUR ( '', #1747 ) ;
#632 = DIRECTION ( 'NONE',  ( 0.0000000000000000000, -0.0000000000000000000, -1.000000000000000000 ) ) ;
#633 = COLOUR_RGB ( '',0.7803921568627451011, 0.7372549019607843590, 0.6862745098039215730 ) ;
#634 = PRESENTATION_STYLE_ASSIGNMENT (( #1331 ) ) ;
#635 = ORIENTED_EDGE ( 'NONE', *, *, #1074, .F. ) ;
#636 = PRESENTATION_LAYER_ASSIGNMENT (  '', '', ( #1162 ) ) ;
#637 = VECTOR ( 'NONE', #1553, 100.0000000000000000 ) ;
#638 = VECTOR ( 'NONE', #1079, 100.0000000000000000 ) ;
#639 = CARTESIAN_POINT ( 'NONE',  ( 0.2049999999999999600, -0.1549999999999999989, -0.4500000000000000666 ) ) ;
#640 = MECHANICAL_DESIGN_GEOMETRIC_PRESENTATION_REPRESENTATION (  '', ( #768 ), #80 ) ;
#641 = PLANE ( 'NONE',  #984 ) ;
#642 = PLANE ( 'NONE',  #1808 ) ;
#643 =( GEOMETRIC_REPRESENTATION_CONTEXT ( 3 ) GLOBAL_UNCERTAINTY_ASSIGNED_CONTEXT ( ( #9 ) ) GLOBAL_UNIT_ASSIGNED_CONTEXT ( ( #1262, #1001, #1275 ) ) REPRESENTATION_CONTEXT ( 'NONE', 'WORKASPACE' ) );
#644 = EDGE_CURVE ( 'NONE', #155, #511, #1309, .T. ) ;
#645 = ORIENTED_EDGE ( 'NONE', *, *, #1335, .T. ) ;
#646 = DIRECTION ( 'NONE',  ( -1.000000000000000000, -1.224646799147350002E-16, 0.0000000000000000000 ) ) ;
#647 = DIRECTION ( 'NONE',  ( 0.0000000000000000000, 0.0000000000000000000, 1.000000000000000000 ) ) ;
#648 = CARTESIAN_POINT ( 'NONE',  ( 3.140000000000000568, 2.141000000000000014, 0.0000000000000000000 ) ) ;
#649 =( NAMED_UNIT ( * ) SI_UNIT ( $, .STERADIAN. ) SOLID_ANGLE_UNIT ( ) );
#650 = CARTESIAN_POINT ( 'NONE',  ( 0.07000000000000525247, -0.3249999999999997335, 0.4499999999999962363 ) ) ;
#651 = SURFACE_SIDE_STYLE ('',( #1765 ) ) ;
#652 = SURFACE_STYLE_FILL_AREA ( #1217 ) ;
#653 = ORIENTED_EDGE ( 'NONE', *, *, #156, .F. ) ;
#654 = ADVANCED_FACE ( 'NONE', ( #137 ), #1229, .T. ) ;
#655 = LINE ( 'NONE', #393, #608 ) ;
#656 = ADVANCED_FACE ( 'NONE', ( #703 ), #853, .T. ) ;
#657 = LINE ( 'NONE', #387, #1272 ) ;
#658 = CARTESIAN_POINT ( 'NONE',  ( 0.1700000000000000122, -0.05000000000000000278, 0.4500000000000000666 ) ) ;
#659 = FILL_AREA_STYLE ('',( #524 ) ) ;
#660 = PRESENTATION_STYLE_ASSIGNMENT (( #1772 ) ) ;
#661 = VECTOR ( 'NONE', #224, 100.0000000000000000 ) ;
#662 = CARTESIAN_POINT ( 'NONE',  ( 0.2349999999999999589, -0.2600000000000000089, 0.4500000000000000666 ) ) ;
#663 = ORIENTED_EDGE ( 'NONE', *, *, #1768, .F. ) ;
#664 = DIRECTION ( 'NONE',  ( 0.0000000000000000000, -0.0000000000000000000, 1.000000000000000000 ) ) ;
#665 = DIRECTION ( 'NONE',  ( -0.0000000000000000000, -0.0000000000000000000, -1.000000000000000000 ) ) ;
#666 = PRESENTATION_LAYER_ASSIGNMENT (  '', '', ( #1513 ) ) ;
#667 = EDGE_CURVE ( 'NONE', #1474, #1592, #1431, .T. ) ;
#668 = VECTOR ( 'NONE', #27, 100.0000000000000000 ) ;
#669 = DIRECTION ( 'NONE',  ( 0.5144957554275426670, -2.082518352204656064E-15, -0.8574929257125345483 ) ) ;
#670 =( GEOMETRIC_REPRESENTATION_CONTEXT ( 3 ) GLOBAL_UNCERTAINTY_ASSIGNED_CONTEXT ( ( #160 ) ) GLOBAL_UNIT_ASSIGNED_CONTEXT ( ( #1609, #1045, #364 ) ) REPRESENTATION_CONTEXT ( 'NONE', 'WORKASPACE' ) );
#671 = LINE ( 'NONE', #1353, #798 ) ;
#672 =( LENGTH_UNIT ( ) NAMED_UNIT ( * ) SI_UNIT ( .CENTI., .METRE. ) );
#673 = VECTOR ( 'NONE', #926, 100.0000000000000000 ) ;
#674 = AXIS2_PLACEMENT_3D ( 'NONE', #1589, #1729, #1187 ) ;
#675 =( NAMED_UNIT ( * ) SI_UNIT ( $, .STERADIAN. ) SOLID_ANGLE_UNIT ( ) );
#676 = ORIENTED_EDGE ( 'NONE', *, *, #457, .F. ) ;
#677 = DIRECTION ( 'NONE',  ( 1.000000000000000000, 0.0000000000000000000, 0.0000000000000000000 ) ) ;
#678 = CARTESIAN_POINT ( 'NONE',  ( 5.879999999999999893, 0.0000000000000000000, 0.0005000000000000000104 ) ) ;
#679 = ORIENTED_EDGE ( 'NONE', *, *, #350, .T. ) ;
#680 = SURFACE_STYLE_USAGE ( .BOTH. , #100 ) ;
#681 =( LENGTH_UNIT ( ) NAMED_UNIT ( * ) SI_UNIT ( .CENTI., .METRE. ) );
#682 = DIRECTION ( 'NONE',  ( 1.000000000000000000, 0.0000000000000000000, -0.0000000000000000000 ) ) ;
#683 = CARTESIAN_POINT ( 'NONE',  ( 0.1700000000000000122, -0.2600000000000000089, -0.4500000000000000666 ) ) ;
#684 =( LENGTH_UNIT ( ) NAMED_UNIT ( * ) SI_UNIT ( .CENTI., .METRE. ) );
#685 = ORIENTED_EDGE ( 'NONE', *, *, #900, .T. ) ;
#686 = DIRECTION ( 'NONE',  ( -0.0000000000000000000, -0.0000000000000000000, -1.000000000000000000 ) ) ;
#687 = ORIENTED_EDGE ( 'NONE', *, *, #90, .F. ) ;
#688 = PRODUCT ( 'Active area', 'Active area', '', ( #1116 ) ) ;
#689 = CARTESIAN_POINT ( 'NONE',  ( 6.240000000000000213, 2.230999999999999872, -0.05999999999999999778 ) ) ;
#690 = SURFACE_STYLE_FILL_AREA ( #1528 ) ;
#691 =( NAMED_UNIT ( * ) SI_UNIT ( $, .STERADIAN. ) SOLID_ANGLE_UNIT ( ) );
#692 =( NAMED_UNIT ( * ) PLANE_ANGLE_UNIT ( ) SI_UNIT ( $, .RADIAN. ) );
#693 = ORIENTED_EDGE ( 'NONE', *, *, #214, .F. ) ;
#694 = SURFACE_STYLE_FILL_AREA ( #5 ) ;
#695 = PRESENTATION_STYLE_ASSIGNMENT (( #110 ) ) ;
#696 = VECTOR ( 'NONE', #1088, 100.0000000000000000 ) ;
#697 = SURFACE_STYLE_FILL_AREA ( #951 ) ;
#698 = VECTOR ( 'NONE', #1414, 100.0000000000000000 ) ;
#699 = FACE_OUTER_BOUND ( 'NONE', #1138, .T. ) ;
#700 =( NAMED_UNIT ( * ) PLANE_ANGLE_UNIT ( ) SI_UNIT ( $, .RADIAN. ) );
#701 = MECHANICAL_DESIGN_GEOMETRIC_PRESENTATION_REPRESENTATION (  '', ( #1025 ), #1699 ) ;
#702 = ORIENTED_EDGE ( 'NONE', *, *, #339, .T. ) ;
#703 = FACE_OUTER_BOUND ( 'NONE', #38, .T. ) ;
#704 = EDGE_CURVE ( 'NONE', #1164, #1733, #1005, .T. ) ;
#705 = AXIS2_PLACEMENT_3D ( 'NONE', #821, #1372, #112 ) ;
#706 =( NAMED_UNIT ( * ) PLANE_ANGLE_UNIT ( ) SI_UNIT ( $, .RADIAN. ) );
#707 = ORIENTED_EDGE ( 'NONE', *, *, #1596, .F. ) ;
#708 = FILL_AREA_STYLE_COLOUR ( '', #1398 ) ;
#709 = CARTESIAN_POINT ( 'NONE',  ( 3.140000000000000568, 0.1600000000000000866, 0.0000000000000000000 ) ) ;
#710 = CARTESIAN_POINT ( 'NONE',  ( 0.07000000000000596023, -0.2949999999999995404, -0.4499999999999973466 ) ) ;
#711 = ORIENTED_EDGE ( 'NONE', *, *, #1809, .T. ) ;
#712 = PLANE ( 'NONE',  #412 ) ;
#713 = VERTEX_POINT ( 'NONE', #1153 ) ;
#714 = PRESENTATION_STYLE_ASSIGNMENT (( #582 ) ) ;
#715 = ADVANCED_FACE ( 'NONE', ( #602 ), #588, .T. ) ;
#716 = PRODUCT_DEFINITION_SHAPE ( 'NONE', 'NONE',  #1823 ) ;
#717 = CARTESIAN_POINT ( 'NONE',  ( -0.2399999999999999911, 0.01499999999999999598, -0.4500000000000000666 ) ) ;
#718 = CARTESIAN_POINT ( 'NONE',  ( -0.07999999999999954370, -0.3249999999999994005, 0.1999999999999990119 ) ) ;
#719 = VERTEX_POINT ( 'NONE', #308 ) ;
#720 = CARTESIAN_POINT ( 'NONE',  ( 3.140000000000000568, 4.282000000000000028, 0.0000000000000000000 ) ) ;
#721 = DIRECTION ( 'NONE',  ( -0.0000000000000000000, -0.0000000000000000000, 1.000000000000000000 ) ) ;
#722 = VERTEX_POINT ( 'NONE', #1024 ) ;
#723 = PRESENTATION_STYLE_ASSIGNMENT (( #1674 ) ) ;
#724 = EDGE_CURVE ( 'NONE', #240, #1648, #463, .T. ) ;
#725 = MECHANICAL_DESIGN_GEOMETRIC_PRESENTATION_REPRESENTATION (  '', ( #1655 ), #879 ) ;
#726 = CARTESIAN_POINT ( 'NONE',  ( 3.140000000000000568, 0.0000000000000000000, 0.0000000000000000000 ) ) ;
#727 = PRESENTATION_LAYER_ASSIGNMENT (  '', '', ( #1130 ) ) ;
#728 = CARTESIAN_POINT ( 'NONE',  ( 0.1700000000000000122, -0.2950000000000000400, -0.4500000000000000666 ) ) ;
#729 = ORIENTED_EDGE ( 'NONE', *, *, #176, .F. ) ;
#730 = PRESENTATION_LAYER_ASSIGNMENT (  '', '', ( #321 ) ) ;
#731 =( LENGTH_UNIT ( ) NAMED_UNIT ( * ) SI_UNIT ( .CENTI., .METRE. ) );
#732 = FILL_AREA_STYLE ('',( #1006 ) ) ;
#733 = EDGE_LOOP ( 'NONE', ( #702, #961, #1176, #1069 ) ) ;
#734 = VECTOR ( 'NONE', #579, 100.0000000000000000 ) ;
#735 = SURFACE_SIDE_STYLE ('',( #148 ) ) ;
#736 = VECTOR ( 'NONE', #317, 100.0000000000000000 ) ;
#737 = CYLINDRICAL_SURFACE ( 'NONE', #1450, 0.03500000000000000333 ) ;
#738 = PRESENTATION_LAYER_ASSIGNMENT (  '', '', ( #1635 ) ) ;
#739 = FILL_AREA_STYLE ('',( #300 ) ) ;
#740 = UNCERTAINTY_MEASURE_WITH_UNIT (LENGTH_MEASURE( 1.000000000000000082E-05 ), #1419, 'distance_accuracy_value', 'NONE');
#741 = DIRECTION ( 'NONE',  ( 0.0000000000000000000, 0.0000000000000000000, 1.000000000000000000 ) ) ;
#742 = ORIENTED_EDGE ( 'NONE', *, *, #1371, .F. ) ;
#743 = CARTESIAN_POINT ( 'NONE',  ( 6.280000000000001137, 2.141000000000000014, 0.0000000000000000000 ) ) ;
#744 = ORIENTED_EDGE ( 'NONE', *, *, #1086, .T. ) ;
#745 = SURFACE_STYLE_USAGE ( .BOTH. , #1140 ) ;
#746 = CARTESIAN_POINT ( 'NONE',  ( 3.140000000000000568, 0.2099999999999999922, -0.08300000000000000433 ) ) ;
#747 = SURFACE_SIDE_STYLE ('',( #1750 ) ) ;
#748 = DIRECTION ( 'NONE',  ( 0.0000000000000000000, -0.0000000000000000000, -1.000000000000000000 ) ) ;
#749 = DIRECTION ( 'NONE',  ( 1.000000000000000000, -4.251917966649539950E-15, 0.0000000000000000000 ) ) ;
#750 = FACE_OUTER_BOUND ( 'NONE', #1441, .T. ) ;
#751 = EDGE_CURVE ( 'NONE', #1561, #874, #872, .T. ) ;
#752 = ORIENTED_EDGE ( 'NONE', *, *, #1587, .T. ) ;
#753 = CARTESIAN_POINT ( 'NONE',  ( -5.243937593948956054E-16, 4.282000000000000028, 0.0000000000000000000 ) ) ;
#754 = SURFACE_STYLE_FILL_AREA ( #1184 ) ;
#755 = DIRECTION ( 'NONE',  ( 1.000000000000000000, 0.0000000000000000000, 0.0000000000000000000 ) ) ;
#756 = STYLED_ITEM ( 'NONE', ( #33 ), #247 ) ;
#757 = PRESENTATION_STYLE_ASSIGNMENT (( #1289 ) ) ;
#758 = STYLED_ITEM ( 'NONE', ( #1717 ), #513 ) ;
#759 = CARTESIAN_POINT ( 'NONE',  ( 6.280000000000001137, 0.0000000000000000000, 0.0000000000000000000 ) ) ;
#760 = DIRECTION ( 'NONE',  ( 0.0000000000000000000, 0.0000000000000000000, 1.000000000000000000 ) ) ;
#761 =( LENGTH_UNIT ( ) NAMED_UNIT ( * ) SI_UNIT ( .CENTI., .METRE. ) );
#762 = AXIS2_PLACEMENT_3D ( 'NONE', #1121, #13, #1686 ) ;
#763 = ORIENTED_EDGE ( 'NONE', *, *, #962, .T. ) ;
#764 = ADVANCED_FACE ( 'NONE', ( #187 ), #1591, .T. ) ;
#765 = VECTOR ( 'NONE', #20, 100.0000000000000000 ) ;
#766 = MECHANICAL_DESIGN_GEOMETRIC_PRESENTATION_REPRESENTATION (  '', ( #937 ), #142 ) ;
#767 = FILL_AREA_STYLE_COLOUR ( '', #572 ) ;
#768 = STYLED_ITEM ( 'NONE', ( #628 ), #1624 ) ;
#769 = DIRECTION ( 'NONE',  ( -0.0000000000000000000, 1.000000000000000000, 0.0000000000000000000 ) ) ;
#770 = COLOUR_RGB ( '',0.7921568627450980005, 0.8196078431372548767, 0.9333333333333333481 ) ;
#771 = SURFACE_STYLE_FILL_AREA ( #1050 ) ;
#772 = LINE ( 'NONE', #218, #469 ) ;
#773 = ORIENTED_EDGE ( 'NONE', *, *, #866, .T. ) ;
#774 = PRODUCT_DEFINITION ( 'UNKNOWN', '', #1226, #1447 ) ;
#775 = CARTESIAN_POINT ( 'NONE',  ( -0.2299999999999990108, -0.2000000000000000111, 0.2000000000000000111 ) ) ;
#776 = EDGE_CURVE ( 'NONE', #569, #277, #1355, .T. ) ;
#777 = FACE_OUTER_BOUND ( 'NONE', #1250, .T. ) ;
#778 = SHAPE_REPRESENTATION ( 'Glass', ( #705 ), #1486 ) ;
#779 = SURFACE_STYLE_USAGE ( .BOTH. , #623 ) ;
#780 =( NAMED_UNIT ( * ) PLANE_ANGLE_UNIT ( ) SI_UNIT ( $, .RADIAN. ) );
#781 = PLANE ( 'NONE',  #1222 ) ;
#782 = VERTEX_POINT ( 'NONE', #526 ) ;
#783 = UNCERTAINTY_MEASURE_WITH_UNIT (LENGTH_MEASURE( 1.000000000000000082E-05 ), #1719, 'distance_accuracy_value', 'NONE');
#784 = DIRECTION ( 'NONE',  ( 1.224646799147350002E-16, -1.000000000000000000, 0.0000000000000000000 ) ) ;
#785 = ADVANCED_FACE ( 'NONE', ( #1782 ), #360, .F. ) ;
#786 = LINE ( 'NONE', #516, #1168 ) ;
#787 = PRESENTATION_LAYER_ASSIGNMENT (  '', '', ( #1569 ) ) ;
#788 = DIRECTION ( 'NONE',  ( 1.000000000000000000, 0.0000000000000000000, 3.330669073875470016E-15 ) ) ;
#789 = SURFACE_STYLE_USAGE ( .BOTH. , #46 ) ;
#790 = ORIENTED_EDGE ( 'NONE', *, *, #1304, .F. ) ;
#791 = STYLED_ITEM ( 'NONE', ( #1382 ), #630 ) ;
#792 =( GEOMETRIC_REPRESENTATION_CONTEXT ( 3 ) GLOBAL_UNCERTAINTY_ASSIGNED_CONTEXT ( ( #1428 ) ) GLOBAL_UNIT_ASSIGNED_CONTEXT ( ( #943, #910, #1323 ) ) REPRESENTATION_CONTEXT ( 'NONE', 'WORKASPACE' ) );
#793 = PRESENTATION_STYLE_ASSIGNMENT (( #935 ) ) ;
#794 = VECTOR ( 'NONE', #1203, 100.0000000000000000 ) ;
#795 = VECTOR ( 'NONE', #1538, 100.0000000000000000 ) ;
#796 = SHAPE_DEFINITION_REPRESENTATION ( #411, #1818 ) ;
#797 = PLANE ( 'NONE',  #18 ) ;
#798 = VECTOR ( 'NONE', #1361, 100.0000000000000000 ) ;
#799 = PRESENTATION_LAYER_ASSIGNMENT (  '', '', ( #825 ) ) ;
#800 = DIRECTION ( 'NONE',  ( 1.000000000000000000, 0.0000000000000000000, 0.0000000000000000000 ) ) ;
#801 = ADVANCED_FACE ( 'NONE', ( #1188 ), #642, .T. ) ;
#802 = VERTEX_POINT ( 'NONE', #1529 ) ;
#803 = DIRECTION ( 'NONE',  ( -0.0000000000000000000, 1.000000000000000000, 0.0000000000000000000 ) ) ;
#804 = CARTESIAN_POINT ( 'NONE',  ( -2.621968796974479999E-16, 2.141000000000000014, -0.05999999999999999778 ) ) ;
#805 = PRODUCT_CONTEXT ( 'NONE', #1383, 'mechanical' ) ;
#806 = DIRECTION ( 'NONE',  ( 9.571770422661649906E-33, -2.184513678834509885E-32, 1.000000000000000000 ) ) ;
#807 = LINE ( 'NONE', #1009, #1429 ) ;
#808 = ORIENTED_EDGE ( 'NONE', *, *, #48, .F. ) ;
#809 = CARTESIAN_POINT ( 'NONE',  ( -0.2399999999999999911, -0.01499999999999999598, -0.4500000000000000666 ) ) ;
#810 = ADVANCED_FACE ( 'NONE', ( #699 ), #105, .T. ) ;
#811 = CARTESIAN_POINT ( 'NONE',  ( 0.0000000000000000000, 0.0000000000000000000, 0.0000000000000000000 ) ) ;
#812 = DIRECTION ( 'NONE',  ( 1.000000000000000000, 0.0000000000000000000, 0.0000000000000000000 ) ) ;
#813 = DIRECTION ( 'NONE',  ( 0.8574929257125341042, 0.0000000000000000000, 0.5144957554275432221 ) ) ;
#814 = PRESENTATION_LAYER_ASSIGNMENT (  '', '', ( #485 ) ) ;
#815 = ORIENTED_EDGE ( 'NONE', *, *, #962, .F. ) ;
#816 = SURFACE_STYLE_FILL_AREA ( #1802 ) ;
#817 = UNCERTAINTY_MEASURE_WITH_UNIT (LENGTH_MEASURE( 1.000000000000000082E-05 ), #575, 'distance_accuracy_value', 'NONE');
#818 =( GEOMETRIC_REPRESENTATION_CONTEXT ( 3 ) GLOBAL_UNCERTAINTY_ASSIGNED_CONTEXT ( ( #922 ) ) GLOBAL_UNIT_ASSIGNED_CONTEXT ( ( #731, #780, #1207 ) ) REPRESENTATION_CONTEXT ( 'NONE', 'WORKASPACE' ) );
#819 = STYLED_ITEM ( 'NONE', ( #1078 ), #810 ) ;
#820 = MECHANICAL_DESIGN_GEOMETRIC_PRESENTATION_REPRESENTATION (  '', ( #294 ), #139 ) ;
#821 = CARTESIAN_POINT ( 'NONE',  ( 0.0000000000000000000, 0.0000000000000000000, 0.0000000000000000000 ) ) ;
#822 =( LENGTH_UNIT ( ) NAMED_UNIT ( * ) SI_UNIT ( .CENTI., .METRE. ) );
#823 = COLOUR_RGB ( '',0.2313725490196078538, 0.2313725490196078538, 0.2313725490196078538 ) ;
#824 = CARTESIAN_POINT ( 'NONE',  ( -0.06499999999999969691, -0.2949999999999989853, 0.4499999999999920730 ) ) ;
#825 = STYLED_ITEM ( 'NONE', ( #75 ), #1778 ) ;
#826 = FILL_AREA_STYLE ('',( #87 ) ) ;
#827 = EDGE_LOOP ( 'NONE', ( #956, #1295, #815, #211, #1774, #322 ) ) ;
#828 = CARTESIAN_POINT ( 'NONE',  ( 0.2350000000000000144, -0.1549999999999999989, -0.4500000000000000666 ) ) ;
#829 = ORIENTED_EDGE ( 'NONE', *, *, #1527, .F. ) ;
#830 = PRESENTATION_STYLE_ASSIGNMENT (( #1223 ) ) ;
#831 = SURFACE_STYLE_FILL_AREA ( #1645 ) ;
#832 = FILL_AREA_STYLE_COLOUR ( '', #1575 ) ;
#833 = ORIENTED_EDGE ( 'NONE', *, *, #667, .T. ) ;
#834 = CARTESIAN_POINT ( 'NONE',  ( -0.2399999999999999911, -0.01499999999999999944, 0.4500000000000000666 ) ) ;
#835 = DIRECTION ( 'NONE',  ( 0.0000000000000000000, 0.0000000000000000000, 1.000000000000000000 ) ) ;
#836 = ORIENTED_EDGE ( 'NONE', *, *, #610, .F. ) ;
#837 = SURFACE_STYLE_USAGE ( .BOTH. , #83 ) ;
#838 =( LENGTH_UNIT ( ) NAMED_UNIT ( * ) SI_UNIT ( .CENTI., .METRE. ) );
#839 = FILL_AREA_STYLE ('',( #403 ) ) ;
#840 = FILL_AREA_STYLE_COLOUR ( '', #1669 ) ;
#841 = VERTEX_POINT ( 'NONE', #2 ) ;
#842 = FILL_AREA_STYLE_COLOUR ( '', #258 ) ;
#843 =( LENGTH_UNIT ( ) NAMED_UNIT ( * ) SI_UNIT ( .CENTI., .METRE. ) );
#844 =( NAMED_UNIT ( * ) PLANE_ANGLE_UNIT ( ) SI_UNIT ( $, .RADIAN. ) );
#845 = MECHANICAL_DESIGN_GEOMETRIC_PRESENTATION_REPRESENTATION (  '', ( #399 ), #1271 ) ;
#846 =( REPRESENTATION_RELATIONSHIP ('NONE','NONE', #626, #1818 ) REPRESENTATION_RELATIONSHIP_WITH_TRANSFORMATION ( #188 )SHAPE_REPRESENTATION_RELATIONSHIP( ) );
#847 = AXIS2_PLACEMENT_3D ( 'NONE', #743, #893, #455 ) ;
#848 = CARTESIAN_POINT ( 'NONE',  ( 5.879999999999999893, 3.528000000000000025, 0.0000000000000000000 ) ) ;
#849 = CARTESIAN_POINT ( 'NONE',  ( -1.734723475976808574E-16, 0.0000000000000000000, 0.08100000000000000255 ) ) ;
#850 = STYLED_ITEM ( 'NONE', ( #904 ), #1052 ) ;
#851 = PRESENTATION_STYLE_ASSIGNMENT (( #994 ) ) ;
#852 = VERTEX_POINT ( 'NONE', #849 ) ;
#853 = PLANE ( 'NONE',  #1424 ) ;
#854 = AXIS2_PLACEMENT_3D ( 'NONE', #639, #538, #930 ) ;
#855 = EDGE_CURVE ( 'NONE', #1234, #802, #1311, .T. ) ;
#856 = CARTESIAN_POINT ( 'NONE',  ( 0.07000000000000264344, -0.2000000000000000111, 0.4499999999999920730 ) ) ;
#857 = ORIENTED_EDGE ( 'NONE', *, *, #1705, .F. ) ;
#858 = DIRECTION ( 'NONE',  ( 1.000000000000000000, 0.0000000000000000000, 0.0000000000000000000 ) ) ;
#859 = DIRECTION ( 'NONE',  ( 0.0000000000000000000, -1.000000000000000000, -9.705745780986710724E-31 ) ) ;
#860 = SURFACE_STYLE_FILL_AREA ( #739 ) ;
#861 = DIRECTION ( 'NONE',  ( 0.0000000000000000000, 0.0000000000000000000, 1.000000000000000000 ) ) ;
#862 = PLANE ( 'NONE',  #954 ) ;
#863 = DIRECTION ( 'NONE',  ( -0.0000000000000000000, 1.000000000000000000, 0.0000000000000000000 ) ) ;
#864 = CARTESIAN_POINT ( 'NONE',  ( -4.898587196589492886E-18, 0.1600000000000000311, 0.0000000000000000000 ) ) ;
#865 = VERTEX_POINT ( 'NONE', #1374 ) ;
#866 = EDGE_CURVE ( 'NONE', #1524, #1367, #1791, .T. ) ;
#867 =( NAMED_UNIT ( * ) SI_UNIT ( $, .STERADIAN. ) SOLID_ANGLE_UNIT ( ) );
#868 = CARTESIAN_POINT ( 'NONE',  ( -8.673617379884058891E-17, 0.0000000000000000000, 0.0000000000000000000 ) ) ;
#869 = CARTESIAN_POINT ( 'NONE',  ( -2.621968796974479999E-16, 2.141000000000000014, 0.0000000000000000000 ) ) ;
#870 = UNCERTAINTY_MEASURE_WITH_UNIT (LENGTH_MEASURE( 1.000000000000000082E-05 ), #1711, 'distance_accuracy_value', 'NONE');
#871 = ORIENTED_EDGE ( 'NONE', *, *, #76, .T. ) ;
#872 = LINE ( 'NONE', #331, #1160 ) ;
#873 = CARTESIAN_POINT ( 'NONE',  ( 6.280000000000001137, 4.282000000000000028, 0.0000000000000000000 ) ) ;
#874 = VERTEX_POINT ( 'NONE', #416 ) ;
#875 = PRESENTATION_LAYER_ASSIGNMENT (  '', '', ( #431 ) ) ;
#876 =( NAMED_UNIT ( * ) SI_UNIT ( $, .STERADIAN. ) SOLID_ANGLE_UNIT ( ) );
#877 = AXIS2_PLACEMENT_3D ( 'NONE', #1186, #233, #755 ) ;
#878 = PLANE ( 'NONE',  #286 ) ;
#879 =( GEOMETRIC_REPRESENTATION_CONTEXT ( 3 ) GLOBAL_UNCERTAINTY_ASSIGNED_CONTEXT ( ( #621 ) ) GLOBAL_UNIT_ASSIGNED_CONTEXT ( ( #1651, #1636, #1385 ) ) REPRESENTATION_CONTEXT ( 'NONE', 'WORKASPACE' ) );
#880 =( GEOMETRIC_REPRESENTATION_CONTEXT ( 3 ) GLOBAL_UNCERTAINTY_ASSIGNED_CONTEXT ( ( #69 ) ) GLOBAL_UNIT_ASSIGNED_CONTEXT ( ( #761, #45, #1011 ) ) REPRESENTATION_CONTEXT ( 'NONE', 'WORKASPACE' ) );
#881 = CARTESIAN_POINT ( 'NONE',  ( 0.1700000000000000122, 0.01499999999999999598, -0.4500000000000000666 ) ) ;
#882 = ORIENTED_EDGE ( 'NONE', *, *, #900, .F. ) ;
#883 = AXIS2_PLACEMENT_3D ( 'NONE', #869, #1278, #1727 ) ;
#884 = SURFACE_SIDE_STYLE ('',( #1012 ) ) ;
#885 = ORIENTED_EDGE ( 'NONE', *, *, #1100, .F. ) ;
#886 = VECTOR ( 'NONE', #375, 100.0000000000000000 ) ;
#887 = FILL_AREA_STYLE_COLOUR ( '', #1540 ) ;
#888 = CARTESIAN_POINT ( 'NONE',  ( -0.07999999999999900246, -0.3249999999999986788, -0.1999999999999998446 ) ) ;
#889 = EDGE_CURVE ( 'NONE', #1351, #1524, #276, .T. ) ;
#890 = UNCERTAINTY_MEASURE_WITH_UNIT (LENGTH_MEASURE( 1.000000000000000082E-05 ), #492, 'distance_accuracy_value', 'NONE');
#891 = SURFACE_SIDE_STYLE ('',( #338 ) ) ;
#892 = ORIENTED_EDGE ( 'NONE', *, *, #532, .F. ) ;
#893 = DIRECTION ( 'NONE',  ( 1.000000000000000000, 0.0000000000000000000, 0.0000000000000000000 ) ) ;
#894 = ORIENTED_EDGE ( 'NONE', *, *, #1768, .T. ) ;
#895 = UNCERTAINTY_MEASURE_WITH_UNIT (LENGTH_MEASURE( 1.000000000000000082E-05 ), #681, 'distance_accuracy_value', 'NONE');
#896 = FACE_OUTER_BOUND ( 'NONE', #64, .T. ) ;
#897 =( LENGTH_UNIT ( ) NAMED_UNIT ( * ) SI_UNIT ( .CENTI., .METRE. ) );
#898 =( NAMED_UNIT ( * ) SI_UNIT ( $, .STERADIAN. ) SOLID_ANGLE_UNIT ( ) );
#899 = DIRECTION ( 'NONE',  ( -0.0000000000000000000, -0.0000000000000000000, 1.000000000000000000 ) ) ;
#900 = EDGE_CURVE ( 'NONE', #333, #511, #390, .T. ) ;
#901 = VERTEX_POINT ( 'NONE', #966 ) ;
#902 = FILL_AREA_STYLE ('',( #319 ) ) ;
#903 = VERTEX_POINT ( 'NONE', #1499 ) ;
#904 = PRESENTATION_STYLE_ASSIGNMENT (( #1194 ) ) ;
#905 = FILL_AREA_STYLE ('',( #767 ) ) ;
#906 = FACE_OUTER_BOUND ( 'NONE', #1746, .T. ) ;
#907 = UNCERTAINTY_MEASURE_WITH_UNIT (LENGTH_MEASURE( 1.000000000000000082E-05 ), #545, 'distance_accuracy_value', 'NONE');
#908 = VECTOR ( 'NONE', #158, 100.0000000000000000 ) ;
#909 = CARTESIAN_POINT ( 'NONE',  ( 0.01976150890414489839, 0.01499999999999999598, 0.4500000000000000666 ) ) ;
#910 =( NAMED_UNIT ( * ) PLANE_ANGLE_UNIT ( ) SI_UNIT ( $, .RADIAN. ) );
#911 = PRESENTATION_LAYER_ASSIGNMENT (  '', '', ( #1247 ) ) ;
#912 = ADVANCED_FACE ( 'NONE', ( #540 ), #1657, .T. ) ;
#913 = VECTOR ( 'NONE', #279, 100.0000000000000000 ) ;
#914 = VECTOR ( 'NONE', #975, 100.0000000000000000 ) ;
#915 = CARTESIAN_POINT ( 'NONE',  ( 0.2050000000000000155, -0.05000000000000000278, -0.4500000000000000666 ) ) ;
#916 = CARTESIAN_POINT ( 'NONE',  ( 5.879999999999999893, 0.0000000000000000000, 0.0000000000000000000 ) ) ;
#917 = FILL_AREA_STYLE_COLOUR ( '', #1724 ) ;
#918 = SURFACE_SIDE_STYLE ('',( #210 ) ) ;
#919 = ORIENTED_EDGE ( 'NONE', *, *, #174, .T. ) ;
#920 = EDGE_CURVE ( 'NONE', #852, #782, #1020, .T. ) ;
#921 = FACE_OUTER_BOUND ( 'NONE', #1495, .T. ) ;
#922 = UNCERTAINTY_MEASURE_WITH_UNIT (LENGTH_MEASURE( 1.000000000000000082E-05 ), #731, 'distance_accuracy_value', 'NONE');
#923 = CARTESIAN_POINT ( 'NONE',  ( 3.140000000000000568, 0.2100000000000001310, -0.05999999999999999778 ) ) ;
#924 = DIRECTION ( 'NONE',  ( -3.330669073875470016E-15, 0.0000000000000000000, 1.000000000000000000 ) ) ;
#925 = DIRECTION ( 'NONE',  ( 0.0000000000000000000, -1.000000000000000000, 0.0000000000000000000 ) ) ;
#926 = DIRECTION ( 'NONE',  ( 0.0000000000000000000, 0.0000000000000000000, -1.000000000000000000 ) ) ;
#927 = EDGE_LOOP ( 'NONE', ( #125, #1407, #343, #17 ) ) ;
#928 = UNCERTAINTY_MEASURE_WITH_UNIT (LENGTH_MEASURE( 1.000000000000000082E-05 ), #1577, 'distance_accuracy_value', 'NONE');
#929 = DIRECTION ( 'NONE',  ( 1.000000000000000000, 0.0000000000000000000, 0.0000000000000000000 ) ) ;
#930 = DIRECTION ( 'NONE',  ( -1.057355261547770096E-15, -1.000000000000000000, 0.0000000000000000000 ) ) ;
#931 = LINE ( 'NONE', #1481, #12 ) ;
#932 = EDGE_LOOP ( 'NONE', ( #1167, #1501, #1598, #1237 ) ) ;
#933 = DIRECTION ( 'NONE',  ( -0.0000000000000000000, 1.000000000000000000, 0.0000000000000000000 ) ) ;
#934 = COLOUR_RGB ( '',0.2313725490196078538, 0.2313725490196078538, 0.2313725490196078538 ) ;
#935 = SURFACE_STYLE_USAGE ( .BOTH. , #1618 ) ;
#936 = COLOUR_RGB ( '',0.5686274509803921351, 0.5686274509803921351, 0.0000000000000000000 ) ;
#937 = STYLED_ITEM ( 'NONE', ( #634 ), #1459 ) ;
#938 = DIRECTION ( 'NONE',  ( 1.000000000000000000, 0.0000000000000000000, 0.0000000000000000000 ) ) ;
#939 = STYLED_ITEM ( 'NONE', ( #446 ), #1619 ) ;
#940 = FILL_AREA_STYLE_COLOUR ( '', #239 ) ;
#941 = EDGE_CURVE ( 'NONE', #841, #155, #1713, .T. ) ;
#942 = LINE ( 'NONE', #1622, #1416 ) ;
#943 =( LENGTH_UNIT ( ) NAMED_UNIT ( * ) SI_UNIT ( .CENTI., .METRE. ) );
#944 = ORIENTED_EDGE ( 'NONE', *, *, #1412, .T. ) ;
#945 = DIRECTION ( 'NONE',  ( 1.224646799147350002E-16, -1.000000000000000000, 0.0000000000000000000 ) ) ;
#946 = CARTESIAN_POINT ( 'NONE',  ( 0.0000000000000000000, 0.0000000000000000000, 0.0000000000000000000 ) ) ;
#947 = DIRECTION ( 'NONE',  ( 0.0000000000000000000, 0.0000000000000000000, 1.000000000000000000 ) ) ;
#948 = ORIENTED_EDGE ( 'NONE', *, *, #1638, .T. ) ;
#949 = DIRECTION ( 'NONE',  ( 0.0000000000000000000, 0.0000000000000000000, 1.000000000000000000 ) ) ;
#950 = CARTESIAN_POINT ( 'NONE',  ( 0.1700000000000000122, -0.05000000000000000278, 0.4500000000000000666 ) ) ;
#951 = FILL_AREA_STYLE ('',( #974 ) ) ;
#952 = DIRECTION ( 'NONE',  ( -0.5144957554275424449, 2.082518352204655276E-15, -0.8574929257125346593 ) ) ;
#953 = SURFACE_STYLE_USAGE ( .BOTH. , #1107 ) ;
#954 = AXIS2_PLACEMENT_3D ( 'NONE', #62, #760, #57 ) ;
#955 = CARTESIAN_POINT ( 'NONE',  ( -0.06499999999999969691, -0.2949999999999989853, -0.4500000000000000666 ) ) ;
#956 = ORIENTED_EDGE ( 'NONE', *, *, #1666, .T. ) ;
#957 = PLANE ( 'NONE',  #436 ) ;
#958 = VECTOR ( 'NONE', #1161, 100.0000000000000000 ) ;
#959 = CARTESIAN_POINT ( 'NONE',  ( -0.2999999999999989897, -0.3249999999999980127, -0.4500000000000000666 ) ) ;
#960 = AXIS2_PLACEMENT_3D ( 'NONE', #1449, #933, #664 ) ;
#961 = ORIENTED_EDGE ( 'NONE', *, *, #1628, .T. ) ;
#962 = EDGE_CURVE ( 'NONE', #1080, #852, #452, .T. ) ;
#963 = VECTOR ( 'NONE', #800, 100.0000000000000000 ) ;
#964 = COLOUR_RGB ( '',0.5686274509803921351, 0.5686274509803921351, 0.0000000000000000000 ) ;
#965 = PRODUCT_DEFINITION_SHAPE ( 'NONE', 'NONE',  #619 ) ;
#966 = CARTESIAN_POINT ( 'NONE',  ( -3.682223690813174518E-16, 3.528000000000000025, 0.0005000000000000000104 ) ) ;
#967 = PRESENTATION_LAYER_ASSIGNMENT (  '', '', ( #296 ) ) ;
#968 = DIRECTION ( 'NONE',  ( 1.000000000000000000, -4.251917966649539950E-15, 0.0000000000000000000 ) ) ;
#969 = ORIENTED_EDGE ( 'NONE', *, *, #1119, .F. ) ;
#970 = CARTESIAN_POINT ( 'NONE',  ( 3.140000000000000568, 4.282000000000000028, 0.08100000000000000255 ) ) ;
#971 = DIRECTION ( 'NONE',  ( 1.057355261547770096E-15, 1.000000000000000000, 0.0000000000000000000 ) ) ;
#972 = EDGE_LOOP ( 'NONE', ( #29, #625, #1390, #295 ) ) ;
#973 = EDGE_CURVE ( 'NONE', #1474, #802, #1007, .T. ) ;
#974 = FILL_AREA_STYLE_COLOUR ( '', #633 ) ;
#975 = DIRECTION ( 'NONE',  ( -0.0000000000000000000, -0.0000000000000000000, -1.000000000000000000 ) ) ;
#976 = ORIENTED_EDGE ( 'NONE', *, *, #855, .F. ) ;
#977 = LINE ( 'NONE', #1526, #913 ) ;
#978 = CARTESIAN_POINT ( 'NONE',  ( 0.0000000000000000000, 0.0000000000000000000, 0.0000000000000000000 ) ) ;
#979 = EDGE_LOOP ( 'NONE', ( #189, #186, #1641, #1467 ) ) ;
#980 = SURFACE_SIDE_STYLE ('',( #1682 ) ) ;
#981 = ADVANCED_FACE ( 'NONE', ( #1579 ), #1558, .T. ) ;
#982 = DIRECTION ( 'NONE',  ( 0.0000000000000000000, 0.0000000000000000000, 1.000000000000000000 ) ) ;
#983 = ORIENTED_EDGE ( 'NONE', *, *, #350, .F. ) ;
#984 = AXIS2_PLACEMENT_3D ( 'NONE', #1614, #924, #788 ) ;
#985 = CLOSED_SHELL ( 'NONE', ( #810, #715, #247, #912, #656, #1619, #347, #1040, #1359, #1425, #380, #654, #201 ) ) ;
#986 = SURFACE_STYLE_USAGE ( .BOTH. , #1147 ) ;
#987 = ORIENTED_EDGE ( 'NONE', *, *, #1349, .F. ) ;
#988 = AXIS2_PLACEMENT_3D ( 'NONE', #726, #434, #748 ) ;
#989 = SURFACE_SIDE_STYLE ('',( #1113 ) ) ;
#990 = VECTOR ( 'NONE', #179, 100.0000000000000000 ) ;
#991 = CARTESIAN_POINT ( 'NONE',  ( 0.1700000000000000122, -0.01499999999999999598, -0.4500000000000000666 ) ) ;
#992 = CARTESIAN_POINT ( 'NONE',  ( 0.2350000000000000422, -0.05000000000000000278, -0.4500000000000000666 ) ) ;
#993 = COLOUR_RGB ( '',0.7803921568627451011, 0.7372549019607843590, 0.6862745098039215730 ) ;
#994 = SURFACE_STYLE_USAGE ( .BOTH. , #1560 ) ;
#995 = EDGE_CURVE ( 'NONE', #1660, #903, #1264, .T. ) ;
#996 =( NAMED_UNIT ( * ) SI_UNIT ( $, .STERADIAN. ) SOLID_ANGLE_UNIT ( ) );
#997 = COLOUR_RGB ( '',0.2313725490196078538, 0.2313725490196078538, 0.2313725490196078538 ) ;
#998 = ORIENTED_EDGE ( 'NONE', *, *, #1402, .F. ) ;
#999 = FILL_AREA_STYLE_COLOUR ( '', #323 ) ;
#1000 = FACE_OUTER_BOUND ( 'NONE', #553, .T. ) ;
#1001 =( NAMED_UNIT ( * ) PLANE_ANGLE_UNIT ( ) SI_UNIT ( $, .RADIAN. ) );
#1002 = LINE ( 'NONE', #26, #958 ) ;
#1003 = FACE_BOUND ( 'NONE', #1148, .T. ) ;
#1004 = VERTEX_POINT ( 'NONE', #717 ) ;
#1005 = LINE ( 'NONE', #1267, #990 ) ;
#1006 = FILL_AREA_STYLE_COLOUR ( '', #823 ) ;
#1007 = LINE ( 'NONE', #193, #668 ) ;
#1008 = UNCERTAINTY_MEASURE_WITH_UNIT (LENGTH_MEASURE( 1.000000000000000082E-05 ), #822, 'distance_accuracy_value', 'NONE');
#1009 = CARTESIAN_POINT ( 'NONE',  ( 0.04000000000000010492, 2.221000000000000085, -0.05999999999999999778 ) ) ;
#1010 = ORIENTED_EDGE ( 'NONE', *, *, #1735, .F. ) ;
#1011 =( NAMED_UNIT ( * ) SI_UNIT ( $, .STERADIAN. ) SOLID_ANGLE_UNIT ( ) );
#1012 = SURFACE_STYLE_FILL_AREA ( #732 ) ;
#1013 = EDGE_LOOP ( 'NONE', ( #944, #580, #340, #679 ) ) ;
#1014 = AXIS2_PLACEMENT_3D ( 'NONE', #251, #813, #1508 ) ;
#1015 =( LENGTH_UNIT ( ) NAMED_UNIT ( * ) SI_UNIT ( .CENTI., .METRE. ) );
#1016 = EDGE_CURVE ( 'NONE', #1325, #841, #1544, .T. ) ;
#1017 = MECHANICAL_DESIGN_GEOMETRIC_PRESENTATION_REPRESENTATION (  '', ( #1049 ), #1334 ) ;
#1018 = FILL_AREA_STYLE_COLOUR ( '', #1399 ) ;
#1019 = MECHANICAL_DESIGN_GEOMETRIC_PRESENTATION_REPRESENTATION (  '', ( #1130 ), #818 ) ;
#1020 = LINE ( 'NONE', #175, #698 ) ;
#1021 = SURFACE_STYLE_USAGE ( .BOTH. , #891 ) ;
#1022 = ORIENTED_EDGE ( 'NONE', *, *, #1552, .T. ) ;
#1023 = VECTOR ( 'NONE', #1811, 100.0000000000000000 ) ;
#1024 = CARTESIAN_POINT ( 'NONE',  ( -6.515154826417661036E-16, 4.282000000000000028, -0.05999999999999999778 ) ) ;
#1025 = STYLED_ITEM ( 'NONE', ( #180 ), #1389 ) ;
#1026 = VERTEX_POINT ( 'NONE', #992 ) ;
#1027 = VECTOR ( 'NONE', #1736, 100.0000000000000000 ) ;
#1028 = PRESENTATION_STYLE_ASSIGNMENT (( #745 ) ) ;
#1029 = ADVANCED_FACE ( 'NONE', ( #1549 ), #39, .T. ) ;
#1030 = CARTESIAN_POINT ( 'NONE',  ( 6.280000000000001137, 2.141000000000000014, 0.0000000000000000000 ) ) ;
#1031 = CARTESIAN_POINT ( 'NONE',  ( -0.07999999999999971023, -0.2000000000000000111, 0.1999999999999991229 ) ) ;
#1032 = ORIENTED_EDGE ( 'NONE', *, *, #1172, .F. ) ;
#1033 = SURFACE_SIDE_STYLE ('',( #1314 ) ) ;
#1034 = FILL_AREA_STYLE_COLOUR ( '', #1814 ) ;
#1035 = ORIENTED_EDGE ( 'NONE', *, *, #1821, .F. ) ;
#1036 = MANIFOLD_SOLID_BREP ( 'Imported1', #1777 ) ;
#1037 = DIRECTION ( 'NONE',  ( -0.0000000000000000000, -0.0000000000000000000, -1.000000000000000000 ) ) ;
#1038 = LINE ( 'NONE', #915, #629 ) ;
#1039 =( NAMED_UNIT ( * ) PLANE_ANGLE_UNIT ( ) SI_UNIT ( $, .RADIAN. ) );
#1040 = ADVANCED_FACE ( 'NONE', ( #570 ), #564, .T. ) ;
#1041 = DIRECTION ( 'NONE',  ( -0.5144957554275426670, 2.082518352204656064E-15, 0.8574929257125345483 ) ) ;
#1042 = APPLICATION_CONTEXT ( 'automotive_design' ) ;
#1043 = PLANE ( 'NONE',  #383 ) ;
#1044 = VERTEX_POINT ( 'NONE', #1128 ) ;
#1045 =( NAMED_UNIT ( * ) PLANE_ANGLE_UNIT ( ) SI_UNIT ( $, .RADIAN. ) );
#1046 =( NAMED_UNIT ( * ) SI_UNIT ( $, .STERADIAN. ) SOLID_ANGLE_UNIT ( ) );
#1047 =( GEOMETRIC_REPRESENTATION_CONTEXT ( 3 ) GLOBAL_UNCERTAINTY_ASSIGNED_CONTEXT ( ( #1762 ) ) GLOBAL_UNIT_ASSIGNED_CONTEXT ( ( #1, #1535, #573 ) ) REPRESENTATION_CONTEXT ( 'NONE', 'WORKASPACE' ) );
#1048 = UNCERTAINTY_MEASURE_WITH_UNIT (LENGTH_MEASURE( 1.000000000000000082E-05 ), #1293, 'distance_accuracy_value', 'NONE');
#1049 = STYLED_ITEM ( 'NONE', ( #723 ), #505 ) ;
#1050 = FILL_AREA_STYLE ('',( #631 ) ) ;
#1051 = VECTOR ( 'NONE', #1145, 100.0000000000000000 ) ;
#1052 = ADVANCED_FACE ( 'NONE', ( #1695 ), #443, .T. ) ;
#1053 =( GEOMETRIC_REPRESENTATION_CONTEXT ( 3 ) GLOBAL_UNCERTAINTY_ASSIGNED_CONTEXT ( ( #1443 ) ) GLOBAL_UNIT_ASSIGNED_CONTEXT ( ( #305, #468, #311 ) ) REPRESENTATION_CONTEXT ( 'NONE', 'WORKASPACE' ) );
#1054 = VERTEX_POINT ( 'NONE', #1460 ) ;
#1055 = AXIS2_PLACEMENT_3D ( 'NONE', #828, #413, #971 ) ;
#1056 = MECHANICAL_DESIGN_GEOMETRIC_PRESENTATION_REPRESENTATION (  '', ( #203 ), #1166 ) ;
#1057 =( LENGTH_UNIT ( ) NAMED_UNIT ( * ) SI_UNIT ( .CENTI., .METRE. ) );
#1058 = PRODUCT_DEFINITION_FORMATION_WITH_SPECIFIED_SOURCE ( 'ANY', '', #688, .NOT_KNOWN. ) ;
#1059 = FILL_AREA_STYLE_COLOUR ( '', #1667 ) ;
#1060 = ORIENTED_EDGE ( 'NONE', *, *, #1172, .T. ) ;
#1061 = FILL_AREA_STYLE ('',( #202 ) ) ;
#1062 = CARTESIAN_POINT ( 'NONE',  ( 0.1700000000000000122, 0.01499999999999999598, 0.4500000000000000666 ) ) ;
#1063 = ORIENTED_EDGE ( 'NONE', *, *, #423, .F. ) ;
#1064 = CARTESIAN_POINT ( 'NONE',  ( 0.04000000000000007716, 0.2100000000000000755, -0.08300000000000000433 ) ) ;
#1065 = ADVANCED_FACE ( 'NONE', ( #1332 ), #512, .F. ) ;
#1066 = APPLICATION_PROTOCOL_DEFINITION ( 'draft international standard', 'automotive_design', 1998, #1698 ) ;
#1067 = VECTOR ( 'NONE', #1752, 100.0000000000000000 ) ;
#1068 = CARTESIAN_POINT ( 'NONE',  ( -4.320553907391855013E-16, 3.528000000000000025, 0.0000000000000000000 ) ) ;
#1069 = ORIENTED_EDGE ( 'NONE', *, *, #1232, .T. ) ;
#1070 = PRESENTATION_LAYER_ASSIGNMENT (  '', '', ( #791 ) ) ;
#1071 = LINE ( 'NONE', #1101, #324 ) ;
#1072 = CIRCLE ( 'NONE', #1193, 0.03500000000000000333 ) ;
#1073 = PLANE ( 'NONE',  #132 ) ;
#1074 = EDGE_CURVE ( 'NONE', #865, #111, #1748, .T. ) ;
#1075 = CARTESIAN_POINT ( 'NONE',  ( 6.280000000000001137, 2.141000000000000014, -0.05999999999999999778 ) ) ;
#1076 =( LENGTH_UNIT ( ) NAMED_UNIT ( * ) SI_UNIT ( .CENTI., .METRE. ) );
#1077 = PRESENTATION_STYLE_ASSIGNMENT (( #1675 ) ) ;
#1078 = PRESENTATION_STYLE_ASSIGNMENT (( #953 ) ) ;
#1079 = DIRECTION ( 'NONE',  ( -0.0000000000000000000, 0.0000000000000000000, 1.000000000000000000 ) ) ;
#1080 = VERTEX_POINT ( 'NONE', #1769 ) ;
#1081 = PRESENTATION_STYLE_ASSIGNMENT (( #1210 ) ) ;
#1082 = UNCERTAINTY_MEASURE_WITH_UNIT (LENGTH_MEASURE( 1.000000000000000082E-05 ), #1637, 'distance_accuracy_value', 'NONE');
#1083 = LINE ( 'NONE', #1643, #1370 ) ;
#1084 =( NAMED_UNIT ( * ) SI_UNIT ( $, .STERADIAN. ) SOLID_ANGLE_UNIT ( ) );
#1085 = SURFACE_SIDE_STYLE ('',( #275 ) ) ;
#1086 = EDGE_CURVE ( 'NONE', #1733, #901, #496, .T. ) ;
#1087 = ORIENTED_EDGE ( 'NONE', *, *, #99, .F. ) ;
#1088 = DIRECTION ( 'NONE',  ( -1.000000000000000000, -0.0000000000000000000, 0.0000000000000000000 ) ) ;
#1089 =( LENGTH_UNIT ( ) NAMED_UNIT ( * ) SI_UNIT ( .CENTI., .METRE. ) );
#1090 = VERTEX_POINT ( 'NONE', #1064 ) ;
#1091 = APPLICATION_CONTEXT ( 'automotive_design' ) ;
#1092 = FILL_AREA_STYLE_COLOUR ( '', #1099 ) ;
#1093 = FILL_AREA_STYLE_COLOUR ( '', #1125 ) ;
#1094 =( GEOMETRIC_REPRESENTATION_CONTEXT ( 3 ) GLOBAL_UNCERTAINTY_ASSIGNED_CONTEXT ( ( #1297 ) ) GLOBAL_UNIT_ASSIGNED_CONTEXT ( ( #1706, #1313, #368 ) ) REPRESENTATION_CONTEXT ( 'NONE', 'WORKASPACE' ) );
#1095 = CARTESIAN_POINT ( 'NONE',  ( -0.06499999999999969691, -0.2949999999999989853, 0.2000000000000000111 ) ) ;
#1096 = VECTOR ( 'NONE', #1132, 100.0000000000000000 ) ;
#1097 = SURFACE_STYLE_FILL_AREA ( #826 ) ;
#1098 = ORIENTED_EDGE ( 'NONE', *, *, #1705, .T. ) ;
#1099 = COLOUR_RGB ( '',0.5686274509803921351, 0.5686274509803921351, 0.0000000000000000000 ) ;
#1100 = EDGE_CURVE ( 'NONE', #722, #719, #1625, .T. ) ;
#1101 = CARTESIAN_POINT ( 'NONE',  ( 0.04000000000000000083, 4.251999999999999780, -0.05999999999999999778 ) ) ;
#1102 = ORIENTED_EDGE ( 'NONE', *, *, #724, .T. ) ;
#1103 = STYLED_ITEM ( 'NONE', ( #714 ), #1036 ) ;
#1104 =( REPRESENTATION_RELATIONSHIP ('NONE','NONE', #626, #778 ) REPRESENTATION_RELATIONSHIP_WITH_TRANSFORMATION ( #220 )SHAPE_REPRESENTATION_RELATIONSHIP( ) );
#1105 = COLOUR_RGB ( '',0.5686274509803921351, 0.5686274509803921351, 0.0000000000000000000 ) ;
#1106 = STYLED_ITEM ( 'NONE', ( #1732 ), #1425 ) ;
#1107 = SURFACE_SIDE_STYLE ('',( #1676 ) ) ;
#1108 = VECTOR ( 'NONE', #899, 100.0000000000000000 ) ;
#1109 = CARTESIAN_POINT ( 'NONE',  ( 0.2350000000000000422, -0.05000000000000000278, 0.4500000000000000666 ) ) ;
#1110 = VERTEX_POINT ( 'NONE', #91 ) ;
#1111 = PRODUCT_RELATED_PRODUCT_CATEGORY ( 'part', '', ( #688 ) ) ;
#1112 = EDGE_CURVE ( 'NONE', #1044, #1270, #1496, .T. ) ;
#1113 = SURFACE_STYLE_FILL_AREA ( #583 ) ;
#1114 = CARTESIAN_POINT ( 'NONE',  ( 6.240000000000000213, 0.2100000000000000755, -0.05999999999999999778 ) ) ;
#1115 = FILL_AREA_STYLE ('',( #1251 ) ) ;
#1116 = PRODUCT_CONTEXT ( 'NONE', #1042, 'mechanical' ) ;
#1117 = EDGE_LOOP ( 'NONE', ( #167, #1098, #711, #178 ) ) ;
#1118 = CARTESIAN_POINT ( 'NONE',  ( 0.1700000000000000122, -0.2600000000000000089, -0.4500000000000000666 ) ) ;
#1119 = EDGE_CURVE ( 'NONE', #713, #264, #1071, .T. ) ;
#1120 = DIRECTION ( 'NONE',  ( 1.000000000000000000, 0.0000000000000000000, 0.0000000000000000000 ) ) ;
#1121 = CARTESIAN_POINT ( 'NONE',  ( 0.1700000000000000122, -0.2600000000000000089, -0.4500000000000000666 ) ) ;
#1122 = DIRECTION ( 'NONE',  ( -0.0000000000000000000, 1.000000000000000000, 0.0000000000000000000 ) ) ;
#1123 = PRESENTATION_STYLE_ASSIGNMENT (( #1731 ) ) ;
#1124 = CARTESIAN_POINT ( 'NONE',  ( 3.140000000000000568, 4.251999999999999780, -0.05999999999999999778 ) ) ;
#1125 = COLOUR_RGB ( '',0.7803921568627451011, 0.7372549019607843590, 0.6862745098039215730 ) ;
#1126 = CARTESIAN_POINT ( 'NONE',  ( -0.2999999999999989897, -0.2949999999999982081, -0.1999999999999999278 ) ) ;
#1127 = PRESENTATION_LAYER_ASSIGNMENT (  '', '', ( #1049 ) ) ;
#1128 = CARTESIAN_POINT ( 'NONE',  ( -0.2999999999999989897, -0.3249999999999980127, 0.1999999999999993172 ) ) ;
#1129 = LINE ( 'NONE', #746, #164 ) ;
#1130 = STYLED_ITEM ( 'NONE', ( #1174 ), #764 ) ;
#1131 = VECTOR ( 'NONE', #395, 100.0000000000000000 ) ;
#1132 = DIRECTION ( 'NONE',  ( 0.0000000000000000000, -0.0000000000000000000, -1.000000000000000000 ) ) ;
#1133 = UNCERTAINTY_MEASURE_WITH_UNIT (LENGTH_MEASURE( 1.000000000000000082E-05 ), #359, 'distance_accuracy_value', 'NONE');
#1134 = PRESENTATION_LAYER_ASSIGNMENT (  '', '', ( #850 ) ) ;
#1135 = ORIENTED_EDGE ( 'NONE', *, *, #1277, .T. ) ;
#1136 = CARTESIAN_POINT ( 'NONE',  ( 0.2350000000000000144, -0.1622822396990910021, 0.4500000000000000666 ) ) ;
#1137 = CARTESIAN_POINT ( 'NONE',  ( 6.240000000000000213, 4.251999999999999780, -0.05999999999999999778 ) ) ;
#1138 = EDGE_LOOP ( 'NONE', ( #1266, #1286, #1404, #763 ) ) ;
#1139 = MECHANICAL_DESIGN_GEOMETRIC_PRESENTATION_REPRESENTATION (  '', ( #1635 ), #1170 ) ;
#1140 = SURFACE_SIDE_STYLE ('',( #23 ) ) ;
#1141 = FILL_AREA_STYLE ('',( #591 ) ) ;
#1142 = DIRECTION ( 'NONE',  ( 0.5144957554275424449, -2.082518352204655276E-15, 0.8574929257125346593 ) ) ;
#1143 =( NAMED_UNIT ( * ) PLANE_ANGLE_UNIT ( ) SI_UNIT ( $, .RADIAN. ) );
#1144 = ORIENTED_EDGE ( 'NONE', *, *, #704, .T. ) ;
#1145 = DIRECTION ( 'NONE',  ( -0.0000000000000000000, 1.000000000000000000, 9.705745780986710724E-31 ) ) ;
#1146 = EDGE_CURVE ( 'NONE', #518, #147, #1083, .T. ) ;
#1147 = SURFACE_SIDE_STYLE ('',( #320 ) ) ;
#1148 = EDGE_LOOP ( 'NONE', ( #1793, #1035, #663, #829 ) ) ;
#1149 = FACE_OUTER_BOUND ( 'NONE', #291, .T. ) ;
#1150 = PLANE ( 'NONE',  #988 ) ;
#1151 = UNCERTAINTY_MEASURE_WITH_UNIT (LENGTH_MEASURE( 1.000000000000000082E-05 ), #1076, 'distance_accuracy_value', 'NONE');
#1152 = SURFACE_STYLE_FILL_AREA ( #454 ) ;
#1153 = CARTESIAN_POINT ( 'NONE',  ( 0.04000000000000007716, 4.251999999999999780, -0.05999999999999999778 ) ) ;
#1154 =( NAMED_UNIT ( * ) PLANE_ANGLE_UNIT ( ) SI_UNIT ( $, .RADIAN. ) );
#1155 = ORIENTED_EDGE ( 'NONE', *, *, #1119, .T. ) ;
#1156 = EDGE_CURVE ( 'NONE', #1582, #1044, #977, .T. ) ;
#1157 =( NAMED_UNIT ( * ) PLANE_ANGLE_UNIT ( ) SI_UNIT ( $, .RADIAN. ) );
#1158 = PRESENTATION_LAYER_ASSIGNMENT (  '', '', ( #399 ) ) ;
#1159 =( LENGTH_UNIT ( ) NAMED_UNIT ( * ) SI_UNIT ( .CENTI., .METRE. ) );
#1160 = VECTOR ( 'NONE', #1041, 100.0000000000000142 ) ;
#1161 = DIRECTION ( 'NONE',  ( -1.000000000000000000, -7.552537582484060320E-17, 0.0000000000000000000 ) ) ;
#1162 = STYLED_ITEM ( 'NONE', ( #757 ), #981 ) ;
#1163 = CARTESIAN_POINT ( 'NONE',  ( 0.04000000000000007716, 0.2100000000000000200, -0.05999999999999999778 ) ) ;
#1164 = VERTEX_POINT ( 'NONE', #678 ) ;
#1165 = VECTOR ( 'NONE', #30, 100.0000000000000000 ) ;
#1166 =( GEOMETRIC_REPRESENTATION_CONTEXT ( 3 ) GLOBAL_UNCERTAINTY_ASSIGNED_CONTEXT ( ( #740 ) ) GLOBAL_UNIT_ASSIGNED_CONTEXT ( ( #1419, #1154, #303 ) ) REPRESENTATION_CONTEXT ( 'NONE', 'WORKASPACE' ) );
#1167 = ORIENTED_EDGE ( 'NONE', *, *, #285, .T. ) ;
#1168 = VECTOR ( 'NONE', #509, 100.0000000000000000 ) ;
#1169 = EDGE_CURVE ( 'NONE', #1004, #569, #1230, .T. ) ;
#1170 =( GEOMETRIC_REPRESENTATION_CONTEXT ( 3 ) GLOBAL_UNCERTAINTY_ASSIGNED_CONTEXT ( ( #1599 ) ) GLOBAL_UNIT_ASSIGNED_CONTEXT ( ( #445, #1683, #1547 ) ) REPRESENTATION_CONTEXT ( 'NONE', 'WORKASPACE' ) );
#1171 = CARTESIAN_POINT ( 'NONE',  ( -0.2399999999999999911, 0.01499999999999999944, -0.4500000000000000666 ) ) ;
#1172 = EDGE_CURVE ( 'NONE', #330, #240, #655, .T. ) ;
#1173 = SURFACE_STYLE_FILL_AREA ( #216 ) ;
#1174 = PRESENTATION_STYLE_ASSIGNMENT (( #341 ) ) ;
#1175 = CARTESIAN_POINT ( 'NONE',  ( 6.280000000000001137, 0.0000000000000000000, 0.0000000000000000000 ) ) ;
#1176 = ORIENTED_EDGE ( 'NONE', *, *, #704, .F. ) ;
#1177 = SURFACE_SIDE_STYLE ('',( #754 ) ) ;
#1178 = DIRECTION ( 'NONE',  ( 1.000000000000000000, 0.0000000000000000000, -0.0000000000000000000 ) ) ;
#1179 = EDGE_CURVE ( 'NONE', #543, #72, #1072, .T. ) ;
#1180 = CARTESIAN_POINT ( 'NONE',  ( -0.06499999999999969691, -0.3249999999999990119, -0.2000000000000000111 ) ) ;
#1181 = CARTESIAN_POINT ( 'NONE',  ( 0.2049999999999999600, -0.05000000000000000278, 0.4500000000000000666 ) ) ;
#1182 =( LENGTH_UNIT ( ) NAMED_UNIT ( * ) SI_UNIT ( .CENTI., .METRE. ) );
#1183 = MECHANICAL_DESIGN_GEOMETRIC_PRESENTATION_REPRESENTATION (  '', ( #491 ), #284 ) ;
#1184 = FILL_AREA_STYLE ('',( #1018 ) ) ;
#1185 = APPLICATION_CONTEXT ( 'automotive_design' ) ;
#1186 = CARTESIAN_POINT ( 'NONE',  ( 0.1700000000000000122, -0.2600000000000000089, -0.4500000000000000666 ) ) ;
#1187 = DIRECTION ( 'NONE',  ( 1.000000000000000000, 0.0000000000000000000, -0.0000000000000000000 ) ) ;
#1188 = FACE_OUTER_BOUND ( 'NONE', #972, .T. ) ;
#1189 = MECHANICAL_DESIGN_GEOMETRIC_PRESENTATION_REPRESENTATION (  '', ( #166 ), #1245 ) ;
#1190 = COLOUR_RGB ( '',0.7803921568627451011, 0.7372549019607843590, 0.6862745098039215730 ) ;
#1191 = EDGE_LOOP ( 'NONE', ( #1720, #1135, #1087, #1485, #1377, #1439 ) ) ;
#1192 = UNCERTAINTY_MEASURE_WITH_UNIT (LENGTH_MEASURE( 1.000000000000000082E-05 ), #684, 'distance_accuracy_value', 'NONE');
#1193 = AXIS2_PLACEMENT_3D ( 'NONE', #950, #686, #127 ) ;
#1194 = SURFACE_STYLE_USAGE ( .BOTH. , #506 ) ;
#1195 =( GEOMETRIC_REPRESENTATION_CONTEXT ( 3 ) GLOBAL_UNCERTAINTY_ASSIGNED_CONTEXT ( ( #1192 ) ) GLOBAL_UNIT_ASSIGNED_CONTEXT ( ( #684, #692, #675 ) ) REPRESENTATION_CONTEXT ( 'NONE', 'WORKASPACE' ) );
#1196 = AXIS2_PLACEMENT_3D ( 'NONE', #658, #1629, #812 ) ;
#1197 = FILL_AREA_STYLE_COLOUR ( '', #1600 ) ;
#1198 = DIRECTION ( 'NONE',  ( -0.0000000000000000000, 1.000000000000000000, 0.0000000000000000000 ) ) ;
#1199 = CARTESIAN_POINT ( 'NONE',  ( 0.1700000000000000122, -0.05000000000000000278, -0.4500000000000000666 ) ) ;
#1200 = LINE ( 'NONE', #332, #638 ) ;
#1201 = ORIENTED_EDGE ( 'NONE', *, *, #1074, .T. ) ;
#1202 = EDGE_CURVE ( 'NONE', #852, #1054, #98, .T. ) ;
#1203 = DIRECTION ( 'NONE',  ( -1.000000000000000000, -0.0000000000000000000, 0.0000000000000000000 ) ) ;
#1204 = PRODUCT_CONTEXT ( 'NONE', #1320, 'mechanical' ) ;
#1205 = PLANE ( 'NONE',  #1240 ) ;
#1206 = LINE ( 'NONE', #1744, #661 ) ;
#1207 =( NAMED_UNIT ( * ) SI_UNIT ( $, .STERADIAN. ) SOLID_ANGLE_UNIT ( ) );
#1208 = FACE_OUTER_BOUND ( 'NONE', #422, .T. ) ;
#1209 = ORIENTED_EDGE ( 'NONE', *, *, #255, .T. ) ;
#1210 = SURFACE_STYLE_USAGE ( .BOTH. , #476 ) ;
#1211 = CARTESIAN_POINT ( 'NONE',  ( 0.2350000000000000144, -0.1622822396990910021, -0.4500000000000000666 ) ) ;
#1212 = EDGE_CURVE ( 'NONE', #802, #1026, #117, .T. ) ;
#1213 = VECTOR ( 'NONE', #682, 100.0000000000000000 ) ;
#1214 = FACE_OUTER_BOUND ( 'NONE', #1013, .T. ) ;
#1215 = COLOUR_RGB ( '',0.7803921568627451011, 0.7372549019607843590, 0.6862745098039215730 ) ;
#1216 =( GEOMETRIC_REPRESENTATION_CONTEXT ( 3 ) GLOBAL_UNCERTAINTY_ASSIGNED_CONTEXT ( ( #1464 ) ) GLOBAL_UNIT_ASSIGNED_CONTEXT ( ( #838, #1644, #92 ) ) REPRESENTATION_CONTEXT ( 'NONE', 'WORKASPACE' ) );
#1217 = FILL_AREA_STYLE ('',( #528 ) ) ;
#1218 = ORIENTED_EDGE ( 'NONE', *, *, #255, .F. ) ;
#1219 =( NAMED_UNIT ( * ) SI_UNIT ( $, .STERADIAN. ) SOLID_ANGLE_UNIT ( ) );
#1220 = DIRECTION ( 'NONE',  ( -0.0000000000000000000, -0.0000000000000000000, -1.000000000000000000 ) ) ;
#1221 = PRESENTATION_LAYER_ASSIGNMENT (  '', '', ( #203 ) ) ;
#1222 = AXIS2_PLACEMENT_3D ( 'NONE', #480, #1757, #1324 ) ;
#1223 = SURFACE_STYLE_USAGE ( .BOTH. , #1360 ) ;
#1224 = VECTOR ( 'NONE', #749, 100.0000000000000000 ) ;
#1225 = ADVANCED_FACE ( 'NONE', ( #1368 ), #1664, .T. ) ;
#1226 = PRODUCT_DEFINITION_FORMATION_WITH_SPECIFIED_SOURCE ( 'ANY', '', #382, .NOT_KNOWN. ) ;
#1227 = FACE_OUTER_BOUND ( 'NONE', #1671, .T. ) ;
#1228 = EDGE_LOOP ( 'NONE', ( #1384, #1590, #676, #687 ) ) ;
#1229 = PLANE ( 'NONE',  #288 ) ;
#1230 = LINE ( 'NONE', #420, #578 ) ;
#1231 = VERTEX_POINT ( 'NONE', #834 ) ;
#1232 = EDGE_CURVE ( 'NONE', #1164, #1648, #1244, .T. ) ;
#1233 =( NAMED_UNIT ( * ) PLANE_ANGLE_UNIT ( ) SI_UNIT ( $, .RADIAN. ) );
#1234 = VERTEX_POINT ( 'NONE', #520 ) ;
#1235 = CARTESIAN_POINT ( 'NONE',  ( 0.1700000000000000122, -0.2600000000000000089, 0.4500000000000000666 ) ) ;
#1236 = PRODUCT ( 'User Library-LS027B7DH01 LCD', 'User Library-LS027B7DH01 LCD', '', ( #280 ) ) ;
#1237 = ORIENTED_EDGE ( 'NONE', *, *, #1628, .F. ) ;
#1238 = SURFACE_SIDE_STYLE ('',( #1668 ) ) ;
#1239 = VECTOR ( 'NONE', #1379, 100.0000000000000000 ) ;
#1240 = AXIS2_PLACEMENT_3D ( 'NONE', #648, #357, #1178 ) ;
#1241 = LINE ( 'NONE', #1799, #1605 ) ;
#1242 = ORIENTED_EDGE ( 'NONE', *, *, #1319, .T. ) ;
#1243 = MECHANICAL_DESIGN_GEOMETRIC_PRESENTATION_REPRESENTATION (  '', ( #758 ), #200 ) ;
#1244 = LINE ( 'NONE', #552, #1810 ) ;
#1245 =( GEOMETRIC_REPRESENTATION_CONTEXT ( 3 ) GLOBAL_UNCERTAINTY_ASSIGNED_CONTEXT ( ( #337 ) ) GLOBAL_UNIT_ASSIGNED_CONTEXT ( ( #1630, #1348, #384 ) ) REPRESENTATION_CONTEXT ( 'NONE', 'WORKASPACE' ) );
#1246 = EDGE_LOOP ( 'NONE', ( #894, #31, #535, #969 ) ) ;
#1247 = STYLED_ITEM ( 'NONE', ( #660 ), #801 ) ;
#1248 = VECTOR ( 'NONE', #665, 100.0000000000000000 ) ;
#1249 = PRODUCT_DEFINITION_SHAPE ( 'NONE', 'NONE',  #1327 ) ;
#1250 = EDGE_LOOP ( 'NONE', ( #1650, #385, #1689, #1758 ) ) ;
#1251 = FILL_AREA_STYLE_COLOUR ( '', #1451 ) ;
#1252 = DIRECTION ( 'NONE',  ( -1.000000000000000000, 0.0000000000000000000, 0.0000000000000000000 ) ) ;
#1253 = APPLICATION_PROTOCOL_DEFINITION ( 'draft international standard', 'automotive_design', 1998, #1185 ) ;
#1254 = ORIENTED_EDGE ( 'NONE', *, *, #995, .T. ) ;
#1255 = CARTESIAN_POINT ( 'NONE',  ( 0.01976150890414489839, -0.1622822396990910021, -0.4500000000000000666 ) ) ;
#1256 = FILL_AREA_STYLE_COLOUR ( '', #1215 ) ;
#1257 = DIRECTION ( 'NONE',  ( -1.000000000000000000, 0.0000000000000000000, 0.0000000000000000000 ) ) ;
#1258 = ORIENTED_EDGE ( 'NONE', *, *, #59, .F. ) ;
#1259 = SURFACE_STYLE_USAGE ( .BOTH. , #560 ) ;
#1260 = LINE ( 'NONE', #1137, #1545 ) ;
#1261 = ORIENTED_EDGE ( 'NONE', *, *, #174, .F. ) ;
#1262 =( LENGTH_UNIT ( ) NAMED_UNIT ( * ) SI_UNIT ( .CENTI., .METRE. ) );
#1263 = CARTESIAN_POINT ( 'NONE',  ( -0.07999999999999940492, -0.2949999999999989297, 0.1999999999999989564 ) ) ;
#1264 = LINE ( 'NONE', #1442, #404 ) ;
#1265 = LINE ( 'NONE', #1281, #613 ) ;
#1266 = ORIENTED_EDGE ( 'NONE', *, *, #920, .T. ) ;
#1267 = CARTESIAN_POINT ( 'NONE',  ( 5.879999999999999893, 1.764000000000000012, 0.0005000000000000000104 ) ) ;
#1268 = STYLED_ITEM ( 'NONE', ( #547 ), #201 ) ;
#1269 = LINE ( 'NONE', #856, #734 ) ;
#1270 = VERTEX_POINT ( 'NONE', #386 ) ;
#1271 =( GEOMETRIC_REPRESENTATION_CONTEXT ( 3 ) GLOBAL_UNCERTAINTY_ASSIGNED_CONTEXT ( ( #598 ) ) GLOBAL_UNIT_ASSIGNED_CONTEXT ( ( #287, #172, #1288 ) ) REPRESENTATION_CONTEXT ( 'NONE', 'WORKASPACE' ) );
#1272 = VECTOR ( 'NONE', #669, 100.0000000000000142 ) ;
#1273 =( GEOMETRIC_REPRESENTATION_CONTEXT ( 3 ) GLOBAL_UNCERTAINTY_ASSIGNED_CONTEXT ( ( #1151 ) ) GLOBAL_UNIT_ASSIGNED_CONTEXT ( ( #1076, #146, #1649 ) ) REPRESENTATION_CONTEXT ( 'NONE', 'WORKASPACE' ) );
#1274 =( GEOMETRIC_REPRESENTATION_CONTEXT ( 3 ) GLOBAL_UNCERTAINTY_ASSIGNED_CONTEXT ( ( #1728 ) ) GLOBAL_UNIT_ASSIGNED_CONTEXT ( ( #1639, #1143, #460 ) ) REPRESENTATION_CONTEXT ( 'NONE', 'WORKASPACE' ) );
#1275 =( NAMED_UNIT ( * ) SI_UNIT ( $, .STERADIAN. ) SOLID_ANGLE_UNIT ( ) );
#1276 = SURFACE_STYLE_FILL_AREA ( #451 ) ;
#1277 = EDGE_CURVE ( 'NONE', #1807, #1504, #309, .T. ) ;
#1278 = DIRECTION ( 'NONE',  ( -1.000000000000000000, -1.224646799147350002E-16, 0.0000000000000000000 ) ) ;
#1279 = UNCERTAINTY_MEASURE_WITH_UNIT (LENGTH_MEASURE( 1.000000000000000082E-05 ), #1182, 'distance_accuracy_value', 'NONE');
#1280 = VECTOR ( 'NONE', #229, 100.0000000000000000 ) ;
#1281 = CARTESIAN_POINT ( 'NONE',  ( 0.1700000000000000122, 0.01499999999999999944, -0.4500000000000000666 ) ) ;
#1282 = COLOUR_RGB ( '',0.5686274509803921351, 0.5686274509803921351, 0.0000000000000000000 ) ;
#1283 = ORIENTED_EDGE ( 'NONE', *, *, #423, .T. ) ;
#1284 =( GEOMETRIC_REPRESENTATION_CONTEXT ( 3 ) GLOBAL_UNCERTAINTY_ASSIGNED_CONTEXT ( ( #895 ) ) GLOBAL_UNIT_ASSIGNED_CONTEXT ( ( #681, #235, #1796 ) ) REPRESENTATION_CONTEXT ( 'NONE', 'WORKASPACE' ) );
#1285 = LINE ( 'NONE', #1708, #1633 ) ;
#1286 = ORIENTED_EDGE ( 'NONE', *, *, #99, .T. ) ;
#1287 = DIRECTION ( 'NONE',  ( 1.000000000000000000, 0.0000000000000000000, -0.0000000000000000000 ) ) ;
#1288 =( NAMED_UNIT ( * ) SI_UNIT ( $, .STERADIAN. ) SOLID_ANGLE_UNIT ( ) );
#1289 = SURFACE_STYLE_USAGE ( .BOTH. , #329 ) ;
#1290 = LINE ( 'NONE', #728, #914 ) ;
#1291 = EDGE_CURVE ( 'NONE', #1807, #722, #428, .T. ) ;
#1292 = EDGE_LOOP ( 'NONE', ( #1571, #44, #1813, #885 ) ) ;
#1293 =( LENGTH_UNIT ( ) NAMED_UNIT ( * ) SI_UNIT ( .CENTI., .METRE. ) );
#1294 = FACE_OUTER_BOUND ( 'NONE', #145, .T. ) ;
#1295 = ORIENTED_EDGE ( 'NONE', *, *, #1202, .F. ) ;
#1296 =( LENGTH_UNIT ( ) NAMED_UNIT ( * ) SI_UNIT ( .CENTI., .METRE. ) );
#1297 = UNCERTAINTY_MEASURE_WITH_UNIT (LENGTH_MEASURE( 1.000000000000000082E-05 ), #1706, 'distance_accuracy_value', 'NONE');
#1298 = LINE ( 'NONE', #61, #1108 ) ;
#1299 = VERTEX_POINT ( 'NONE', #864 ) ;
#1300 = FILL_AREA_STYLE_COLOUR ( '', #1542 ) ;
#1301 =( NAMED_UNIT ( * ) SI_UNIT ( $, .STERADIAN. ) SOLID_ANGLE_UNIT ( ) );
#1302 = ORIENTED_EDGE ( 'NONE', *, *, #941, .F. ) ;
#1303 = VECTOR ( 'NONE', #1455, 100.0000000000000000 ) ;
#1304 = EDGE_CURVE ( 'NONE', #274, #874, #154, .T. ) ;
#1305 = AXIS2_PLACEMENT_3D ( 'NONE', #1718, #459, #1578 ) ;
#1306 = DIRECTION ( 'NONE',  ( -0.0000000000000000000, -0.0000000000000000000, -1.000000000000000000 ) ) ;
#1307 = VECTOR ( 'NONE', #1287, 100.0000000000000000 ) ;
#1308 = PRESENTATION_STYLE_ASSIGNMENT (( #1594 ) ) ;
#1309 = CIRCLE ( 'NONE', #1661, 0.03500000000000000333 ) ;
#1310 =( LENGTH_UNIT ( ) NAMED_UNIT ( * ) SI_UNIT ( .CENTI., .METRE. ) );
#1311 = CIRCLE ( 'NONE', #1753, 0.06500000000000000222 ) ;
#1312 = CARTESIAN_POINT ( 'NONE',  ( 5.879999999999999893, 3.528000000000000025, 0.0005000000000000000104 ) ) ;
#1313 =( NAMED_UNIT ( * ) PLANE_ANGLE_UNIT ( ) SI_UNIT ( $, .RADIAN. ) );
#1314 = SURFACE_STYLE_FILL_AREA ( #473 ) ;
#1315 =( GEOMETRIC_REPRESENTATION_CONTEXT ( 3 ) GLOBAL_UNCERTAINTY_ASSIGNED_CONTEXT ( ( #890 ) ) GLOBAL_UNIT_ASSIGNED_CONTEXT ( ( #492, #510, #1766 ) ) REPRESENTATION_CONTEXT ( 'NONE', 'WORKASPACE' ) );
#1316 = SURFACE_STYLE_FILL_AREA ( #624 ) ;
#1317 = ORIENTED_EDGE ( 'NONE', *, *, #1685, .T. ) ;
#1318 = FILL_AREA_STYLE ('',( #999 ) ) ;
#1319 = EDGE_CURVE ( 'NONE', #36, #456, #1260, .T. ) ;
#1320 = APPLICATION_CONTEXT ( 'automotive_design' ) ;
#1321 = CARTESIAN_POINT ( 'NONE',  ( -8.673617379884058891E-17, 0.0000000000000000000, 0.0005000000000000000104 ) ) ;
#1322 = FILL_AREA_STYLE_COLOUR ( '', #1783 ) ;
#1323 =( NAMED_UNIT ( * ) SI_UNIT ( $, .STERADIAN. ) SOLID_ANGLE_UNIT ( ) );
#1324 = DIRECTION ( 'NONE',  ( 0.0000000000000000000, -0.0000000000000000000, -1.000000000000000000 ) ) ;
#1325 = VERTEX_POINT ( 'NONE', #1692 ) ;
#1326 = DIRECTION ( 'NONE',  ( -3.330669073875470016E-15, 0.0000000000000000000, -1.000000000000000000 ) ) ;
#1327 = PRODUCT_DEFINITION ( 'UNKNOWN', '', #1521, #212 ) ;
#1328 =( NAMED_UNIT ( * ) PLANE_ANGLE_UNIT ( ) SI_UNIT ( $, .RADIAN. ) );
#1329 = LINE ( 'NONE', #923, #56 ) ;
#1330 = CARTESIAN_POINT ( 'NONE',  ( -0.03500000000000000333, -0.01499999999999999944, -0.4500000000000000666 ) ) ;
#1331 = SURFACE_STYLE_USAGE ( .BOTH. , #918 ) ;
#1332 = FACE_OUTER_BOUND ( 'NONE', #462, .T. ) ;
#1333 = PRESENTATION_LAYER_ASSIGNMENT (  '', '', ( #1268 ) ) ;
#1334 =( GEOMETRIC_REPRESENTATION_CONTEXT ( 3 ) GLOBAL_UNCERTAINTY_ASSIGNED_CONTEXT ( ( #184 ) ) GLOBAL_UNIT_ASSIGNED_CONTEXT ( ( #1555, #297, #867 ) ) REPRESENTATION_CONTEXT ( 'NONE', 'WORKASPACE' ) );
#1335 = EDGE_CURVE ( 'NONE', #518, #36, #1285, .T. ) ;
#1336 = CARTESIAN_POINT ( 'NONE',  ( 0.1700000000000000122, -0.05000000000000000278, -0.4500000000000000666 ) ) ;
#1337 = PRESENTATION_LAYER_ASSIGNMENT (  '', '', ( #1103 ) ) ;
#1338 = ORIENTED_EDGE ( 'NONE', *, *, #285, .F. ) ;
#1339 = UNCERTAINTY_MEASURE_WITH_UNIT (LENGTH_MEASURE( 1.000000000000000082E-05 ), #365, 'distance_accuracy_value', 'NONE');
#1340 = VECTOR ( 'NONE', #265, 100.0000000000000000 ) ;
#1341 = MECHANICAL_DESIGN_GEOMETRIC_PRESENTATION_REPRESENTATION (  '', ( #1106 ), #1315 ) ;
#1342 = MECHANICAL_DESIGN_GEOMETRIC_PRESENTATION_REPRESENTATION (  '', ( #825 ), #1284 ) ;
#1343 = DIRECTION ( 'NONE',  ( 5.551115123125780237E-17, -1.000000000000000000, 0.0000000000000000000 ) ) ;
#1344 = LINE ( 'NONE', #1030, #1418 ) ;
#1345 =( GEOMETRIC_REPRESENTATION_CONTEXT ( 3 ) GLOBAL_UNCERTAINTY_ASSIGNED_CONTEXT ( ( #1339 ) ) GLOBAL_UNIT_ASSIGNED_CONTEXT ( ( #365, #1620, #1393 ) ) REPRESENTATION_CONTEXT ( 'NONE', 'WORKASPACE' ) );
#1346 = DIRECTION ( 'NONE',  ( -1.000000000000000000, -0.0000000000000000000, -0.0000000000000000000 ) ) ;
#1347 = PRESENTATION_STYLE_ASSIGNMENT (( #779 ) ) ;
#1348 =( NAMED_UNIT ( * ) PLANE_ANGLE_UNIT ( ) SI_UNIT ( $, .RADIAN. ) );
#1349 = EDGE_CURVE ( 'NONE', #1351, #1270, #6, .T. ) ;
#1350 = DIRECTION ( 'NONE',  ( -1.000000000000000000, -0.0000000000000000000, -0.0000000000000000000 ) ) ;
#1351 = VERTEX_POINT ( 'NONE', #1126 ) ;
#1352 = DIRECTION ( 'NONE',  ( 0.0000000000000000000, 0.0000000000000000000, -1.000000000000000000 ) ) ;
#1353 = CARTESIAN_POINT ( 'NONE',  ( 6.240000000000000213, 2.221000000000000085, -0.05999999999999999778 ) ) ;
#1354 = DIRECTION ( 'NONE',  ( 0.0000000000000000000, -1.000000000000000000, -2.184513678834509885E-32 ) ) ;
#1355 = LINE ( 'NONE', #94, #963 ) ;
#1356 = CARTESIAN_POINT ( 'NONE',  ( -0.06499999999999969691, -0.3249999999999990119, -0.4500000000000000666 ) ) ;
#1357 = ORIENTED_EDGE ( 'NONE', *, *, #1202, .T. ) ;
#1358 = DIRECTION ( 'NONE',  ( 0.0000000000000000000, -0.0000000000000000000, -1.000000000000000000 ) ) ;
#1359 = ADVANCED_FACE ( 'NONE', ( #1294 ), #165, .T. ) ;
#1360 = SURFACE_SIDE_STYLE ('',( #205 ) ) ;
#1361 = DIRECTION ( 'NONE',  ( 0.0000000000000000000, -1.000000000000000000, -0.0000000000000000000 ) ) ;
#1362 = MECHANICAL_DESIGN_GEOMETRIC_PRESENTATION_REPRESENTATION (  '', ( #1507 ), #1572 ) ;
#1363 = FILL_AREA_STYLE ('',( #1093 ) ) ;
#1364 = DIRECTION ( 'NONE',  ( 1.000000000000000000, 0.0000000000000000000, -0.0000000000000000000 ) ) ;
#1365 = VECTOR ( 'NONE', #803, 100.0000000000000000 ) ;
#1366 = CARTESIAN_POINT ( 'NONE',  ( 0.1700000000000000122, -0.2600000000000000089, 0.4500000000000000666 ) ) ;
#1367 = VERTEX_POINT ( 'NONE', #1541 ) ;
#1368 = FACE_OUTER_BOUND ( 'NONE', #927, .T. ) ;
#1369 = ORIENTED_EDGE ( 'NONE', *, *, #487, .T. ) ;
#1370 = VECTOR ( 'NONE', #1794, 100.0000000000000000 ) ;
#1371 = EDGE_CURVE ( 'NONE', #333, #111, #1269, .T. ) ;
#1372 = DIRECTION ( 'NONE',  ( 0.0000000000000000000, 0.0000000000000000000, 1.000000000000000000 ) ) ;
#1373 = AXIS2_PLACEMENT_3D ( 'NONE', #978, #232, #128 ) ;
#1374 = CARTESIAN_POINT ( 'NONE',  ( 0.1699999999999998734, -0.3250000000000000111, 0.4500000000000000666 ) ) ;
#1375 = VERTEX_POINT ( 'NONE', #1403 ) ;
#1376 =( NAMED_UNIT ( * ) SI_UNIT ( $, .STERADIAN. ) SOLID_ANGLE_UNIT ( ) );
#1377 = ORIENTED_EDGE ( 'NONE', *, *, #325, .T. ) ;
#1378 = CARTESIAN_POINT ( 'NONE',  ( -0.004999999999998280126, -0.2000000000000000111, 0.3249999999999960143 ) ) ;
#1379 = DIRECTION ( 'NONE',  ( -1.000000000000000000, 4.251917966649539950E-15, 0.0000000000000000000 ) ) ;
#1380 = PRESENTATION_STYLE_ASSIGNMENT (( #106 ) ) ;
#1381 = ORIENTED_EDGE ( 'NONE', *, *, #563, .T. ) ;
#1382 = PRESENTATION_STYLE_ASSIGNMENT (( #1259 ) ) ;
#1383 = APPLICATION_CONTEXT ( 'automotive_design' ) ;
#1384 = ORIENTED_EDGE ( 'NONE', *, *, #1502, .F. ) ;
#1385 =( NAMED_UNIT ( * ) SI_UNIT ( $, .STERADIAN. ) SOLID_ANGLE_UNIT ( ) );
#1386 = STYLED_ITEM ( 'NONE', ( #1347 ), #67 ) ;
#1387 = SURFACE_STYLE_FILL_AREA ( #839 ) ;
#1388 = FILL_AREA_STYLE ('',( #840 ) ) ;
#1389 = ADVANCED_FACE ( 'NONE', ( #448 ), #712, .T. ) ;
#1390 = ORIENTED_EDGE ( 'NONE', *, *, #1534, .T. ) ;
#1391 =( NAMED_UNIT ( * ) PLANE_ANGLE_UNIT ( ) SI_UNIT ( $, .RADIAN. ) );
#1392 =( GEOMETRIC_REPRESENTATION_CONTEXT ( 3 ) GLOBAL_UNCERTAINTY_ASSIGNED_CONTEXT ( ( #1048 ) ) GLOBAL_UNIT_ASSIGNED_CONTEXT ( ( #1293, #1707, #1562 ) ) REPRESENTATION_CONTEXT ( 'NONE', 'WORKASPACE' ) );
#1393 =( NAMED_UNIT ( * ) SI_UNIT ( $, .STERADIAN. ) SOLID_ANGLE_UNIT ( ) );
#1394 = STYLED_ITEM ( 'NONE', ( #793 ), #1065 ) ;
#1395 =( NAMED_UNIT ( * ) PLANE_ANGLE_UNIT ( ) SI_UNIT ( $, .RADIAN. ) );
#1396 = PRESENTATION_LAYER_ASSIGNMENT (  '', '', ( #442 ) ) ;
#1397 = LINE ( 'NONE', #709, #1067 ) ;
#1398 = COLOUR_RGB ( '',0.7921568627450980005, 0.8196078431372548767, 0.9333333333333333481 ) ;
#1399 = COLOUR_RGB ( '',0.7921568627450980005, 0.8196078431372548767, 0.9333333333333333481 ) ;
#1400 =( LENGTH_UNIT ( ) NAMED_UNIT ( * ) SI_UNIT ( .CENTI., .METRE. ) );
#1401 = SURFACE_STYLE_USAGE ( .BOTH. , #1662 ) ;
#1402 = EDGE_CURVE ( 'NONE', #782, #1714, #616, .T. ) ;
#1403 = CARTESIAN_POINT ( 'NONE',  ( 0.2049999999999999600, -0.05000000000000000278, -0.4500000000000000666 ) ) ;
#1404 = ORIENTED_EDGE ( 'NONE', *, *, #610, .T. ) ;
#1405 =( LENGTH_UNIT ( ) NAMED_UNIT ( * ) SI_UNIT ( .CENTI., .METRE. ) );
#1406 = FILL_AREA_STYLE_COLOUR ( '', #1432 ) ;
#1407 = ORIENTED_EDGE ( 'NONE', *, *, #1468, .T. ) ;
#1408 = DIRECTION ( 'NONE',  ( 0.0000000000000000000, -0.0000000000000000000, 1.000000000000000000 ) ) ;
#1409 = DIRECTION ( 'NONE',  ( 0.0000000000000000000, 0.0000000000000000000, 1.000000000000000000 ) ) ;
#1410 = ORIENTED_EDGE ( 'NONE', *, *, #1146, .T. ) ;
#1411 = FILL_AREA_STYLE_COLOUR ( '', #964 ) ;
#1412 = EDGE_CURVE ( 'NONE', #1375, #841, #772, .T. ) ;
#1413 = SURFACE_STYLE_USAGE ( .BOTH. , #42 ) ;
#1414 = DIRECTION ( 'NONE',  ( 1.000000000000000000, 0.0000000000000000000, -0.0000000000000000000 ) ) ;
#1415 = CARTESIAN_POINT ( 'NONE',  ( 0.04000000000000000083, 0.2100000000000001310, -0.05999999999999999778 ) ) ;
#1416 = VECTOR ( 'NONE', #372, 100.0000000000000000 ) ;
#1417 = ORIENTED_EDGE ( 'NONE', *, *, #1527, .T. ) ;
#1418 = VECTOR ( 'NONE', #769, 100.0000000000000000 ) ;
#1419 =( LENGTH_UNIT ( ) NAMED_UNIT ( * ) SI_UNIT ( .CENTI., .METRE. ) );
#1420 = ORIENTED_EDGE ( 'NONE', *, *, #563, .F. ) ;
#1421 = VECTOR ( 'NONE', #1306, 100.0000000000000000 ) ;
#1422 = AXIS2_PLACEMENT_3D ( 'NONE', #254, #949, #89 ) ;
#1423 = CARTESIAN_POINT ( 'NONE',  ( 3.140000000000000568, 0.1600000000000000866, -0.05999999999999999778 ) ) ;
#1424 = AXIS2_PLACEMENT_3D ( 'NONE', #720, #863, #1408 ) ;
#1425 = ADVANCED_FACE ( 'NONE', ( #63 ), #781, .T. ) ;
#1426 =( LENGTH_UNIT ( ) NAMED_UNIT ( * ) SI_UNIT ( .CENTI., .METRE. ) );
#1427 = CARTESIAN_POINT ( 'NONE',  ( 0.0000000000000000000, 0.1600000000000000033, 0.0000000000000000000 ) ) ;
#1428 = UNCERTAINTY_MEASURE_WITH_UNIT (LENGTH_MEASURE( 1.000000000000000082E-05 ), #943, 'distance_accuracy_value', 'NONE');
#1429 = VECTOR ( 'NONE', #1122, 100.0000000000000000 ) ;
#1430 = ORIENTED_EDGE ( 'NONE', *, *, #214, .T. ) ;
#1431 = LINE ( 'NONE', #1136, #1051 ) ;
#1432 = COLOUR_RGB ( '',0.5686274509803921351, 0.5686274509803921351, 0.0000000000000000000 ) ;
#1433 = SURFACE_STYLE_USAGE ( .BOTH. , #884 ) ;
#1434 = ORIENTED_EDGE ( 'NONE', *, *, #1212, .F. ) ;
#1435 = STYLED_ITEM ( 'NONE', ( #41 ), #408 ) ;
#1436 =( NAMED_UNIT ( * ) SI_UNIT ( $, .STERADIAN. ) SOLID_ANGLE_UNIT ( ) );
#1437 = CARTESIAN_POINT ( 'NONE',  ( -0.06499999999999969691, -0.2949999999999989853, -0.4500000000000000666 ) ) ;
#1438 = PRODUCT_RELATED_PRODUCT_CATEGORY ( 'part', '', ( #382 ) ) ;
#1439 = ORIENTED_EDGE ( 'NONE', *, *, #995, .F. ) ;
#1440 = CONTEXT_DEPENDENT_SHAPE_REPRESENTATION ( #1104, #65 ) ;
#1441 = EDGE_LOOP ( 'NONE', ( #537, #1144, #744, #466 ) ) ;
#1442 = CARTESIAN_POINT ( 'NONE',  ( 6.280000000000001137, 0.1600000000000000033, 0.0000000000000000000 ) ) ;
#1443 = UNCERTAINTY_MEASURE_WITH_UNIT (LENGTH_MEASURE( 1.000000000000000082E-05 ), #305, 'distance_accuracy_value', 'NONE');
#1444 = ORIENTED_EDGE ( 'NONE', *, *, #1277, .F. ) ;
#1445 = DIRECTION ( 'NONE',  ( 1.000000000000000000, 0.0000000000000000000, 0.0000000000000000000 ) ) ;
#1446 = ORIENTED_EDGE ( 'NONE', *, *, #37, .T. ) ;
#1447 = PRODUCT_DEFINITION_CONTEXT ( 'detailed design', #557, 'design' ) ;
#1448 = MECHANICAL_DESIGN_GEOMETRIC_PRESENTATION_REPRESENTATION (  '', ( #431 ), #1567 ) ;
#1449 = CARTESIAN_POINT ( 'NONE',  ( -0.03500000000000000333, 0.01499999999999999944, -0.4500000000000000666 ) ) ;
#1450 = AXIS2_PLACEMENT_3D ( 'NONE', #1118, #432, #1697 ) ;
#1451 = COLOUR_RGB ( '',0.7803921568627451011, 0.7372549019607843590, 0.6862745098039215730 ) ;
#1452 = FILL_AREA_STYLE ('',( #346 ) ) ;
#1453 = VECTOR ( 'NONE', #435, 100.0000000000000000 ) ;
#1454 = LINE ( 'NONE', #1613, #358 ) ;
#1455 = DIRECTION ( 'NONE',  ( -1.000000000000000000, -1.458282922676866335E-61, 1.502494455947530054E-31 ) ) ;
#1456 = VECTOR ( 'NONE', #945, 100.0000000000000000 ) ;
#1457 = MECHANICAL_DESIGN_GEOMETRIC_PRESENTATION_REPRESENTATION (  '', ( #442 ), #326 ) ;
#1458 = ORIENTED_EDGE ( 'NONE', *, *, #751, .T. ) ;
#1459 = ADVANCED_FACE ( 'NONE', ( #1606 ), #1043, .T. ) ;
#1460 = CARTESIAN_POINT ( 'NONE',  ( -1.733336949948512268E-31, 0.0000000000000000000, 0.0000000000000000000 ) ) ;
#1461 = AXIS2_PLACEMENT_3D ( 'NONE', #1761, #1812, #929 ) ;
#1462 =( NAMED_UNIT ( * ) SI_UNIT ( $, .STERADIAN. ) SOLID_ANGLE_UNIT ( ) );
#1463 = DIRECTION ( 'NONE',  ( -0.0000000000000000000, -0.0000000000000000000, -1.000000000000000000 ) ) ;
#1464 = UNCERTAINTY_MEASURE_WITH_UNIT (LENGTH_MEASURE( 1.000000000000000082E-05 ), #838, 'distance_accuracy_value', 'NONE');
#1465 = CARTESIAN_POINT ( 'NONE',  ( 6.280000000000001137, 0.1600000000000000311, -0.05999999999999999778 ) ) ;
#1466 = CARTESIAN_POINT ( 'NONE',  ( 0.2049999999999999600, -0.1622822396990910021, 0.4500000000000000666 ) ) ;
#1467 = ORIENTED_EDGE ( 'NONE', *, *, #604, .T. ) ;
#1468 = EDGE_CURVE ( 'NONE', #1026, #1592, #1200, .T. ) ;
#1469 = APPLICATION_PROTOCOL_DEFINITION ( 'draft international standard', 'automotive_design', 1998, #557 ) ;
#1470 =( NAMED_UNIT ( * ) PLANE_ANGLE_UNIT ( ) SI_UNIT ( $, .RADIAN. ) );
#1471 = DIRECTION ( 'NONE',  ( 0.0000000000000000000, -0.0000000000000000000, -1.000000000000000000 ) ) ;
#1472 = FILL_AREA_STYLE ('',( #1492 ) ) ;
#1473 =( LENGTH_UNIT ( ) NAMED_UNIT ( * ) SI_UNIT ( .CENTI., .METRE. ) );
#1474 = VERTEX_POINT ( 'NONE', #662 ) ;
#1475 = DIRECTION ( 'NONE',  ( -1.000000000000000000, 0.0000000000000000000, 3.330669073875470016E-15 ) ) ;
#1476 = APPLICATION_PROTOCOL_DEFINITION ( 'draft international standard', 'automotive_design', 1998, #1383 ) ;
#1477 = VECTOR ( 'NONE', #1037, 100.0000000000000000 ) ;
#1478 = EDGE_CURVE ( 'NONE', #1474, #865, #25, .T. ) ;
#1479 = MECHANICAL_DESIGN_GEOMETRIC_PRESENTATION_REPRESENTATION (  '', ( #378 ), #1273 ) ;
#1480 = CARTESIAN_POINT ( 'NONE',  ( 6.280000000000001137, 4.282000000000000028, -0.05999999999999999778 ) ) ;
#1481 = CARTESIAN_POINT ( 'NONE',  ( 6.280000000000001137, 2.141000000000000014, 0.08100000000000000255 ) ) ;
#1482 = PRESENTATION_LAYER_ASSIGNMENT (  '', '', ( #292 ) ) ;
#1483 =( LENGTH_UNIT ( ) NAMED_UNIT ( * ) SI_UNIT ( .CENTI., .METRE. ) );
#1484 = AXIS2_PLACEMENT_3D ( 'NONE', #482, #646, #784 ) ;
#1485 = ORIENTED_EDGE ( 'NONE', *, *, #1402, .T. ) ;
#1486 =( GEOMETRIC_REPRESENTATION_CONTEXT ( 3 ) GLOBAL_UNCERTAINTY_ASSIGNED_CONTEXT ( ( #1082 ) ) GLOBAL_UNIT_ASSIGNED_CONTEXT ( ( #1637, #1654, #649 ) ) REPRESENTATION_CONTEXT ( 'NONE', 'WORKASPACE' ) );
#1487 = MECHANICAL_DESIGN_GEOMETRIC_PRESENTATION_REPRESENTATION (  '', ( #1435 ), #1787 ) ;
#1488 = APPLICATION_PROTOCOL_DEFINITION ( 'draft international standard', 'automotive_design', 1998, #1653 ) ;
#1489 = LINE ( 'NONE', #1075, #1520 ) ;
#1490 = EDGE_CURVE ( 'NONE', #865, #1234, #1623, .T. ) ;
#1491 = DIRECTION ( 'NONE',  ( -0.0000000000000000000, -0.0000000000000000000, -1.000000000000000000 ) ) ;
#1492 = FILL_AREA_STYLE_COLOUR ( '', #231 ) ;
#1493 = DIRECTION ( 'NONE',  ( -4.251917966649539950E-15, -1.000000000000000000, 0.0000000000000000000 ) ) ;
#1494 = ADVANCED_FACE ( 'NONE', ( #1208 ), #1784, .T. ) ;
#1495 = EDGE_LOOP ( 'NONE', ( #1607, #693, #318, #1722 ) ) ;
#1496 = LINE ( 'NONE', #959, #1248 ) ;
#1497 = SHAPE_REPRESENTATION_RELATIONSHIP ( 'NONE' , 'NONE' ,  #19, #408 ) ;
#1498 = SURFACE_STYLE_USAGE ( .BOTH. , #1238 ) ;
#1499 = CARTESIAN_POINT ( 'NONE',  ( 6.280000000000001137, 0.1600000000000000588, 0.0000000000000000000 ) ) ;
#1500 = PRESENTATION_STYLE_ASSIGNMENT (( #1773 ) ) ;
#1501 = ORIENTED_EDGE ( 'NONE', *, *, #121, .F. ) ;
#1502 = EDGE_CURVE ( 'NONE', #36, #264, #1241, .T. ) ;
#1503 = SURFACE_SIDE_STYLE ('',( #1786 ) ) ;
#1504 = VERTEX_POINT ( 'NONE', #262 ) ;
#1505 = DIRECTION ( 'NONE',  ( 1.000000000000000000, 0.0000000000000000000, 0.0000000000000000000 ) ) ;
#1506 = CARTESIAN_POINT ( 'NONE',  ( -0.03500000000000000333, -0.01499999999999999944, 0.4500000000000000666 ) ) ;
#1507 = STYLED_ITEM ( 'NONE', ( #830 ), #380 ) ;
#1508 = DIRECTION ( 'NONE',  ( 0.5144957554275432221, 0.0000000000000000000, -0.8574929257125341042 ) ) ;
#1509 = DIRECTION ( 'NONE',  ( 1.000000000000000000, -4.251917966649539950E-15, -0.0000000000000000000 ) ) ;
#1510 = PRESENTATION_LAYER_ASSIGNMENT (  '', '', ( #353 ) ) ;
#1511 =( NAMED_UNIT ( * ) PLANE_ANGLE_UNIT ( ) SI_UNIT ( $, .RADIAN. ) );
#1512 = EDGE_LOOP ( 'NONE', ( #1261, #790, #135, #987 ) ) ;
#1513 = STYLED_ITEM ( 'NONE', ( #615 ), #715 ) ;
#1514 = DIRECTION ( 'NONE',  ( 0.0000000000000000000, 0.0000000000000000000, -1.000000000000000000 ) ) ;
#1515 =( NAMED_UNIT ( * ) PLANE_ANGLE_UNIT ( ) SI_UNIT ( $, .RADIAN. ) );
#1516 = ADVANCED_FACE ( 'NONE', ( #271 ), #1659, .T. ) ;
#1517 = ORIENTED_EDGE ( 'NONE', *, *, #1371, .T. ) ;
#1518 = AXIS2_PLACEMENT_3D ( 'NONE', #181, #1681, #430 ) ;
#1519 = STYLED_ITEM ( 'NONE', ( #1500 ), #1516 ) ;
#1520 = VECTOR ( 'NONE', #1198, 100.0000000000000000 ) ;
#1521 = PRODUCT_DEFINITION_FORMATION_WITH_SPECIFIED_SOURCE ( 'ANY', '', #120, .NOT_KNOWN. ) ;
#1522 = FACE_OUTER_BOUND ( 'NONE', #1228, .T. ) ;
#1523 =( NAMED_UNIT ( * ) SI_UNIT ( $, .STERADIAN. ) SOLID_ANGLE_UNIT ( ) );
#1524 = VERTEX_POINT ( 'NONE', #124 ) ;
#1525 =( LENGTH_UNIT ( ) NAMED_UNIT ( * ) SI_UNIT ( .CENTI., .METRE. ) );
#1526 = CARTESIAN_POINT ( 'NONE',  ( -0.06499999999999969691, -0.3249999999999990119, 0.1999999999999989564 ) ) ;
#1527 = EDGE_CURVE ( 'NONE', #1680, #713, #807, .T. ) ;
#1528 = FILL_AREA_STYLE ('',( #708 ) ) ;
#1529 = CARTESIAN_POINT ( 'NONE',  ( 0.2349999999999999589, -0.2600000000000000089, -0.4500000000000000666 ) ) ;
#1530 = PLANE ( 'NONE',  #674 ) ;
#1531 = ORIENTED_EDGE ( 'NONE', *, *, #138, .T. ) ;
#1532 = DIRECTION ( 'NONE',  ( -0.0000000000000000000, 1.000000000000000000, 0.0000000000000000000 ) ) ;
#1533 = SHAPE_DEFINITION_REPRESENTATION ( #965, #626 ) ;
#1534 = EDGE_CURVE ( 'NONE', #1044, #1524, #1670, .T. ) ;
#1535 =( NAMED_UNIT ( * ) PLANE_ANGLE_UNIT ( ) SI_UNIT ( $, .RADIAN. ) );
#1536 = SURFACE_SIDE_STYLE ('',( #1387 ) ) ;
#1537 =( GEOMETRIC_REPRESENTATION_CONTEXT ( 3 ) GLOBAL_UNCERTAINTY_ASSIGNED_CONTEXT ( ( #1612 ) ) GLOBAL_UNIT_ASSIGNED_CONTEXT ( ( #672, #415, #133 ) ) REPRESENTATION_CONTEXT ( 'NONE', 'WORKASPACE' ) );
#1538 = DIRECTION ( 'NONE',  ( 0.0000000000000000000, 1.000000000000000000, -0.0000000000000000000 ) ) ;
#1539 = VERTEX_POINT ( 'NONE', #881 ) ;
#1540 = COLOUR_RGB ( '',0.5686274509803921351, 0.5686274509803921351, 0.0000000000000000000 ) ;
#1541 = CARTESIAN_POINT ( 'NONE',  ( -0.07999999999999908573, -0.2949999999999989297, 0.1999999999999997058 ) ) ;
#1542 = COLOUR_RGB ( '',0.5686274509803921351, 0.5686274509803921351, 0.0000000000000000000 ) ;
#1543 = EDGE_LOOP ( 'NONE', ( #1338, #449, #1550, #1010 ) ) ;
#1544 = CIRCLE ( 'NONE', #762, 0.03500000000000000333 ) ;
#1545 = VECTOR ( 'NONE', #561, 100.0000000000000000 ) ;
#1546 = LINE ( 'NONE', #1423, #1307 ) ;
#1547 =( NAMED_UNIT ( * ) SI_UNIT ( $, .STERADIAN. ) SOLID_ANGLE_UNIT ( ) );
#1548 = PRODUCT_DEFINITION_SHAPE ( 'NONE', 'NONE',  #1824 ) ;
#1549 = FACE_OUTER_BOUND ( 'NONE', #475, .T. ) ;
#1550 = ORIENTED_EDGE ( 'NONE', *, *, #724, .F. ) ;
#1551 = SURFACE_SIDE_STYLE ('',( #1690 ) ) ;
#1552 = EDGE_CURVE ( 'NONE', #1090, #1680, #437, .T. ) ;
#1553 = DIRECTION ( 'NONE',  ( 0.0000000000000000000, 1.000000000000000000, -0.0000000000000000000 ) ) ;
#1554 = ORIENTED_EDGE ( 'NONE', *, *, #1156, .F. ) ;
#1555 =( LENGTH_UNIT ( ) NAMED_UNIT ( * ) SI_UNIT ( .CENTI., .METRE. ) );
#1556 = SURFACE_SIDE_STYLE ('',( #690 ) ) ;
#1557 = FACE_OUTER_BOUND ( 'NONE', #1543, .T. ) ;
#1558 = PLANE ( 'NONE',  #522 ) ;
#1559 = UNCERTAINTY_MEASURE_WITH_UNIT (LENGTH_MEASURE( 1.000000000000000082E-05 ), #1310, 'distance_accuracy_value', 'NONE');
#1560 = SURFACE_SIDE_STYLE ('',( #16 ) ) ;
#1561 = VERTEX_POINT ( 'NONE', #710 ) ;
#1562 =( NAMED_UNIT ( * ) SI_UNIT ( $, .STERADIAN. ) SOLID_ANGLE_UNIT ( ) );
#1563 = FILL_AREA_STYLE ('',( #1585 ) ) ;
#1564 = CONTEXT_DEPENDENT_SHAPE_REPRESENTATION ( #316, #1548 ) ;
#1565 = ORIENTED_EDGE ( 'NONE', *, *, #121, .T. ) ;
#1566 = ADVANCED_FACE ( 'NONE', ( #425 ), #301, .T. ) ;
#1567 =( GEOMETRIC_REPRESENTATION_CONTEXT ( 3 ) GLOBAL_UNCERTAINTY_ASSIGNED_CONTEXT ( ( #1008 ) ) GLOBAL_UNIT_ASSIGNED_CONTEXT ( ( #822, #259, #122 ) ) REPRESENTATION_CONTEXT ( 'NONE', 'WORKASPACE' ) );
#1568 = VERTEX_POINT ( 'NONE', #151 ) ;
#1569 = STYLED_ITEM ( 'NONE', ( #74 ), #371 ) ;
#1570 = CARTESIAN_POINT ( 'NONE',  ( -0.2999999999999989897, -0.3099999999999979994, -0.2000000000000000111 ) ) ;
#1571 = ORIENTED_EDGE ( 'NONE', *, *, #1291, .F. ) ;
#1572 =( GEOMETRIC_REPRESENTATION_CONTEXT ( 3 ) GLOBAL_UNCERTAINTY_ASSIGNED_CONTEXT ( ( #907 ) ) GLOBAL_UNIT_ASSIGNED_CONTEXT ( ( #545, #394, #1084 ) ) REPRESENTATION_CONTEXT ( 'NONE', 'WORKASPACE' ) );
#1573 = MECHANICAL_DESIGN_GEOMETRIC_PRESENTATION_REPRESENTATION (  '', ( #1513 ), #1392 ) ;
#1574 = PRODUCT_DEFINITION ( 'UNKNOWN', '', #1058, #392 ) ;
#1575 = COLOUR_RGB ( '',0.7803921568627451011, 0.7372549019607843590, 0.6862745098039215730 ) ;
#1576 = AXIS2_PLACEMENT_3D ( 'NONE', #775, #1326, #1475 ) ;
#1577 =( LENGTH_UNIT ( ) NAMED_UNIT ( * ) SI_UNIT ( .CENTI., .METRE. ) );
#1578 = DIRECTION ( 'NONE',  ( 1.000000000000000000, 0.0000000000000000000, -0.0000000000000000000 ) ) ;
#1579 = FACE_OUTER_BOUND ( 'NONE', #932, .T. ) ;
#1580 = UNCERTAINTY_MEASURE_WITH_UNIT (LENGTH_MEASURE( 1.000000000000000082E-05 ), #843, 'distance_accuracy_value', 'NONE');
#1581 = AXIS2_PLACEMENT_3D ( 'NONE', #1356, #1493, #968 ) ;
#1582 = VERTEX_POINT ( 'NONE', #718 ) ;
#1583 = CARTESIAN_POINT ( 'NONE',  ( 2.939999999999999947, 0.0000000000000000000, 0.0000000000000000000 ) ) ;
#1584 = VECTOR ( 'NONE', #194, 100.0000000000000000 ) ;
#1585 = FILL_AREA_STYLE_COLOUR ( '', #993 ) ;
#1586 = UNCERTAINTY_MEASURE_WITH_UNIT (LENGTH_MEASURE( 1.000000000000000082E-05 ), #1483, 'distance_accuracy_value', 'NONE');
#1587 = EDGE_CURVE ( 'NONE', #511, #1325, #1290, .T. ) ;
#1588 = SURFACE_STYLE_USAGE ( .BOTH. , #484 ) ;
#1589 = CARTESIAN_POINT ( 'NONE',  ( 3.140000000000000568, 2.221000000000000085, -0.05999999999999999778 ) ) ;
#1590 = ORIENTED_EDGE ( 'NONE', *, *, #1335, .F. ) ;
#1591 = PLANE ( 'NONE',  #495 ) ;
#1592 = VERTEX_POINT ( 'NONE', #1109 ) ;
#1593 = CARTESIAN_POINT ( 'NONE',  ( 0.1700000000000000122, -0.01499999999999999598, 0.4500000000000000666 ) ) ;
#1594 = SURFACE_STYLE_USAGE ( .BOTH. , #1177 ) ;
#1595 = LINE ( 'NONE', #1031, #1027 ) ;
#1596 = EDGE_CURVE ( 'NONE', #901, #330, #417, .T. ) ;
#1597 = LINE ( 'NONE', #1466, #374 ) ;
#1598 = ORIENTED_EDGE ( 'NONE', *, *, #1086, .F. ) ;
#1599 = UNCERTAINTY_MEASURE_WITH_UNIT (LENGTH_MEASURE( 1.000000000000000082E-05 ), #445, 'distance_accuracy_value', 'NONE');
#1600 = COLOUR_RGB ( '',0.5686274509803921351, 0.5686274509803921351, 0.0000000000000000000 ) ;
#1601 = MECHANICAL_DESIGN_GEOMETRIC_PRESENTATION_REPRESENTATION (  '', ( #353 ), #1216 ) ;
#1602 = PRESENTATION_STYLE_ASSIGNMENT (( #1588 ) ) ;
#1603 = MECHANICAL_DESIGN_GEOMETRIC_PRESENTATION_REPRESENTATION (  '', ( #292 ), #1274 ) ;
#1604 = DIRECTION ( 'NONE',  ( 0.0000000000000000000, -1.000000000000000000, -9.705745780986710724E-31 ) ) ;
#1605 = VECTOR ( 'NONE', #1350, 100.0000000000000000 ) ;
#1606 = FACE_OUTER_BOUND ( 'NONE', #617, .T. ) ;
#1607 = ORIENTED_EDGE ( 'NONE', *, *, #325, .F. ) ;
#1608 = EDGE_CURVE ( 'NONE', #79, #1539, #1265, .T. ) ;
#1609 =( LENGTH_UNIT ( ) NAMED_UNIT ( * ) SI_UNIT ( .CENTI., .METRE. ) );
#1610 = AXIS2_PLACEMENT_3D ( 'NONE', #1779, #647, #1627 ) ;
#1611 =( NAMED_UNIT ( * ) SI_UNIT ( $, .STERADIAN. ) SOLID_ANGLE_UNIT ( ) );
#1612 = UNCERTAINTY_MEASURE_WITH_UNIT (LENGTH_MEASURE( 1.000000000000000082E-05 ), #672, 'distance_accuracy_value', 'NONE');
#1613 = CARTESIAN_POINT ( 'NONE',  ( -0.2399999999999999911, -0.01499999999999999944, -0.4500000000000000666 ) ) ;
#1614 = CARTESIAN_POINT ( 'NONE',  ( -0.2299999999999990108, -0.2000000000000000111, -0.2000000000000000111 ) ) ;
#1615 = CARTESIAN_POINT ( 'NONE',  ( 0.01976150890414489839, -0.1622822396990910021, 0.4500000000000000666 ) ) ;
#1616 = ORIENTED_EDGE ( 'NONE', *, *, #1534, .F. ) ;
#1617 = UNCERTAINTY_MEASURE_WITH_UNIT (LENGTH_MEASURE( 1.000000000000000082E-05 ), #1400, 'distance_accuracy_value', 'NONE');
#1618 = SURFACE_SIDE_STYLE ('',( #344 ) ) ;
#1619 = ADVANCED_FACE ( 'NONE', ( #1704, #1003 ), #1530, .F. ) ;
#1620 =( NAMED_UNIT ( * ) PLANE_ANGLE_UNIT ( ) SI_UNIT ( $, .RADIAN. ) );
#1621 = DIRECTION ( 'NONE',  ( -0.0000000000000000000, 1.000000000000000000, 0.0000000000000000000 ) ) ;
#1622 = CARTESIAN_POINT ( 'NONE',  ( 0.04000000000000000083, 2.230999999999999872, -0.08300000000000000433 ) ) ;
#1623 = LINE ( 'NONE', #1792, #886 ) ;
#1624 = MANIFOLD_SOLID_BREP ( 'Imported1', #282 ) ;
#1625 = LINE ( 'NONE', #804, #1456 ) ;
#1626 = PRESENTATION_LAYER_ASSIGNMENT (  '', '', ( #756 ) ) ;
#1627 = DIRECTION ( 'NONE',  ( 1.000000000000000000, 0.0000000000000000000, 0.0000000000000000000 ) ) ;
#1628 = EDGE_CURVE ( 'NONE', #302, #1733, #1298, .T. ) ;
#1629 = DIRECTION ( 'NONE',  ( -0.0000000000000000000, -0.0000000000000000000, -1.000000000000000000 ) ) ;
#1630 =( LENGTH_UNIT ( ) NAMED_UNIT ( * ) SI_UNIT ( .CENTI., .METRE. ) );
#1631 = VECTOR ( 'NONE', #1646, 100.0000000000000000 ) ;
#1632 = DIRECTION ( 'NONE',  ( -1.000000000000000000, 4.251917966649539950E-15, 0.0000000000000000000 ) ) ;
#1633 = VECTOR ( 'NONE', #589, 100.0000000000000000 ) ;
#1634 = ORIENTED_EDGE ( 'NONE', *, *, #586, .F. ) ;
#1635 = STYLED_ITEM ( 'NONE', ( #1700 ), #388 ) ;
#1636 =( NAMED_UNIT ( * ) PLANE_ANGLE_UNIT ( ) SI_UNIT ( $, .RADIAN. ) );
#1637 =( LENGTH_UNIT ( ) NAMED_UNIT ( * ) SI_UNIT ( .CENTI., .METRE. ) );
#1638 = EDGE_CURVE ( 'NONE', #1270, #274, #367, .T. ) ;
#1639 =( LENGTH_UNIT ( ) NAMED_UNIT ( * ) SI_UNIT ( .CENTI., .METRE. ) );
#1640 = DIRECTION ( 'NONE',  ( 1.000000000000000000, 0.0000000000000000000, 0.0000000000000000000 ) ) ;
#1641 = ORIENTED_EDGE ( 'NONE', *, *, #185, .T. ) ;
#1642 = LINE ( 'NONE', #753, #1421 ) ;
#1643 = CARTESIAN_POINT ( 'NONE',  ( 6.240000000000000213, 0.2099999999999999922, -0.05999999999999999778 ) ) ;
#1644 =( NAMED_UNIT ( * ) PLANE_ANGLE_UNIT ( ) SI_UNIT ( $, .RADIAN. ) );
#1645 = FILL_AREA_STYLE ('',( #940 ) ) ;
#1646 = DIRECTION ( 'NONE',  ( 1.000000000000000000, -4.251917966649539950E-15, -0.0000000000000000000 ) ) ;
#1647 = PRODUCT_RELATED_PRODUCT_CATEGORY ( 'part', '', ( #120 ) ) ;
#1648 = VERTEX_POINT ( 'NONE', #916 ) ;
#1649 =( NAMED_UNIT ( * ) SI_UNIT ( $, .STERADIAN. ) SOLID_ANGLE_UNIT ( ) );
#1650 = ORIENTED_EDGE ( 'NONE', *, *, #855, .T. ) ;
#1651 =( LENGTH_UNIT ( ) NAMED_UNIT ( * ) SI_UNIT ( .CENTI., .METRE. ) );
#1652 =( GEOMETRIC_REPRESENTATION_CONTEXT ( 3 ) GLOBAL_UNCERTAINTY_ASSIGNED_CONTEXT ( ( #478 ) ) GLOBAL_UNIT_ASSIGNED_CONTEXT ( ( #1057, #1328, #508 ) ) REPRESENTATION_CONTEXT ( 'NONE', 'WORKASPACE' ) );
#1653 = APPLICATION_CONTEXT ( 'automotive_design' ) ;
#1654 =( NAMED_UNIT ( * ) PLANE_ANGLE_UNIT ( ) SI_UNIT ( $, .RADIAN. ) );
#1655 = STYLED_ITEM ( 'NONE', ( #1788 ), #406 ) ;
#1656 = LINE ( 'NONE', #1781, #1239 ) ;
#1657 = PLANE ( 'NONE',  #883 ) ;
#1658 = PRESENTATION_LAYER_ASSIGNMENT (  '', '', ( #166 ) ) ;
#1659 = PLANE ( 'NONE',  #1581 ) ;
#1660 = VERTEX_POINT ( 'NONE', #1465 ) ;
#1661 = AXIS2_PLACEMENT_3D ( 'NONE', #1235, #108, #677 ) ;
#1662 = SURFACE_SIDE_STYLE ('',( #694 ) ) ;
#1663 = AXIS2_PLACEMENT_3D ( 'NONE', #450, #458, #858 ) ;
#1664 = PLANE ( 'NONE',  #1055 ) ;
#1665 = EDGE_LOOP ( 'NONE', ( #363, #397, #252, #1410 ) ) ;
#1666 = EDGE_CURVE ( 'NONE', #1299, #1054, #600, .T. ) ;
#1667 = COLOUR_RGB ( '',0.5686274509803921351, 0.5686274509803921351, 0.0000000000000000000 ) ;
#1668 = SURFACE_STYLE_FILL_AREA ( #400 ) ;
#1669 = COLOUR_RGB ( '',0.7803921568627451011, 0.7372549019607843590, 0.6862745098039215730 ) ;
#1670 = LINE ( 'NONE', #1688, #795 ) ;
#1671 = EDGE_LOOP ( 'NONE', ( #129, #1063, #163, #418 ) ) ;
#1672 = DIRECTION ( 'NONE',  ( 0.0000000000000000000, -1.000000000000000000, -9.705745780986710724E-31 ) ) ;
#1673 = EDGE_CURVE ( 'NONE', #147, #1680, #1329, .T. ) ;
#1674 = SURFACE_STYLE_USAGE ( .BOTH. , #989 ) ;
#1675 = SURFACE_STYLE_USAGE ( .BOTH. , #1085 ) ;
#1676 = SURFACE_STYLE_FILL_AREA ( #123 ) ;
#1677 = DIRECTION ( 'NONE',  ( -0.0000000000000000000, 0.0000000000000000000, -1.000000000000000000 ) ) ;
#1678 = ORIENTED_EDGE ( 'NONE', *, *, #920, .F. ) ;
#1679 = SURFACE_STYLE_USAGE ( .BOTH. , #1551 ) ;
#1680 = VERTEX_POINT ( 'NONE', #1163 ) ;
#1681 = DIRECTION ( 'NONE',  ( 0.0000000000000000000, -1.000000000000000000, 0.0000000000000000000 ) ) ;
#1682 = SURFACE_STYLE_FILL_AREA ( #1141 ) ;
#1683 =( NAMED_UNIT ( * ) PLANE_ANGLE_UNIT ( ) SI_UNIT ( $, .RADIAN. ) );
#1684 = FACE_OUTER_BOUND ( 'NONE', #310, .T. ) ;
#1685 = EDGE_CURVE ( 'NONE', #1582, #1367, #1595, .T. ) ;
#1686 = DIRECTION ( 'NONE',  ( 1.000000000000000000, 0.0000000000000000000, 0.0000000000000000000 ) ) ;
#1687 = MECHANICAL_DESIGN_GEOMETRIC_PRESENTATION_REPRESENTATION (  '', ( #1569 ), #1652 ) ;
#1688 = CARTESIAN_POINT ( 'NONE',  ( -0.2999999999999989897, -0.3099999999999979994, 0.2000000000000000111 ) ) ;
#1689 = ORIENTED_EDGE ( 'NONE', *, *, #1478, .T. ) ;
#1690 = SURFACE_STYLE_FILL_AREA ( #1115 ) ;
#1691 = VECTOR ( 'NONE', #1734, 100.0000000000000000 ) ;
#1692 = CARTESIAN_POINT ( 'NONE',  ( 0.1699999999999999289, -0.2950000000000000400, -0.4500000000000000666 ) ) ;
#1693 = MECHANICAL_DESIGN_GEOMETRIC_PRESENTATION_REPRESENTATION (  '', ( #354 ), #880 ) ;
#1694 =( GEOMETRIC_REPRESENTATION_CONTEXT ( 3 ) GLOBAL_UNCERTAINTY_ASSIGNED_CONTEXT ( ( #222 ) ) GLOBAL_UNIT_ASSIGNED_CONTEXT ( ( #270, #1233, #691 ) ) REPRESENTATION_CONTEXT ( 'NONE', 'WORKASPACE' ) );
#1695 = FACE_OUTER_BOUND ( 'NONE', #447, .T. ) ;
#1696 = PRESENTATION_LAYER_ASSIGNMENT (  '', '', ( #294 ) ) ;
#1697 = DIRECTION ( 'NONE',  ( 1.000000000000000000, 0.0000000000000000000, 0.0000000000000000000 ) ) ;
#1698 = APPLICATION_CONTEXT ( 'automotive_design' ) ;
#1699 =( GEOMETRIC_REPRESENTATION_CONTEXT ( 3 ) GLOBAL_UNCERTAINTY_ASSIGNED_CONTEXT ( ( #1580 ) ) GLOBAL_UNIT_ASSIGNED_CONTEXT ( ( #843, #706, #342 ) ) REPRESENTATION_CONTEXT ( 'NONE', 'WORKASPACE' ) );
#1700 = PRESENTATION_STYLE_ASSIGNMENT (( #1817 ) ) ;
#1701 = CARTESIAN_POINT ( 'NONE',  ( 0.04000000000000007716, 4.251999999999999780, -0.08300000000000000433 ) ) ;
#1702 = VECTOR ( 'NONE', #223, 100.0000000000000000 ) ;
#1703 = DIRECTION ( 'NONE',  ( 0.0000000000000000000, -1.000000000000000000, -0.0000000000000000000 ) ) ;
#1704 = FACE_OUTER_BOUND ( 'NONE', #1292, .T. ) ;
#1705 = EDGE_CURVE ( 'NONE', #277, #543, #479, .T. ) ;
#1706 =( LENGTH_UNIT ( ) NAMED_UNIT ( * ) SI_UNIT ( .CENTI., .METRE. ) );
#1707 =( NAMED_UNIT ( * ) PLANE_ANGLE_UNIT ( ) SI_UNIT ( $, .RADIAN. ) );
#1708 = CARTESIAN_POINT ( 'NONE',  ( 6.240000000000000213, 2.230999999999999872, -0.08300000000000000433 ) ) ;
#1709 = ITEM_DEFINED_TRANSFORMATION ( 'NONE', 'NONE', #361,  #705 ) ;
#1710 = ORIENTED_EDGE ( 'NONE', *, *, #776, .F. ) ;
#1711 =( LENGTH_UNIT ( ) NAMED_UNIT ( * ) SI_UNIT ( .CENTI., .METRE. ) );
#1712 = CARTESIAN_POINT ( 'NONE',  ( 3.140000000000000568, 0.0000000000000000000, 0.0000000000000000000 ) ) ;
#1713 = LINE ( 'NONE', #471, #1453 ) ;
#1714 = VERTEX_POINT ( 'NONE', #759 ) ;
#1715 = SURFACE_STYLE_FILL_AREA ( #902 ) ;
#1716 = CONTEXT_DEPENDENT_SHAPE_REPRESENTATION ( #846, #716 ) ;
#1717 = PRESENTATION_STYLE_ASSIGNMENT (( #32 ) ) ;
#1718 = CARTESIAN_POINT ( 'NONE',  ( 2.939999999999999947, 1.764000000000000012, 0.0000000000000000000 ) ) ;
#1719 =( LENGTH_UNIT ( ) NAMED_UNIT ( * ) SI_UNIT ( .CENTI., .METRE. ) );
#1720 = ORIENTED_EDGE ( 'NONE', *, *, #1800, .T. ) ;
#1721 = SURFACE_SIDE_STYLE ('',( #1715 ) ) ;
#1722 = ORIENTED_EDGE ( 'NONE', *, *, #312, .F. ) ;
#1723 = PRESENTATION_STYLE_ASSIGNMENT (( #837 ) ) ;
#1724 = COLOUR_RGB ( '',0.5686274509803921351, 0.5686274509803921351, 0.0000000000000000000 ) ;
#1725 = VECTOR ( 'NONE', #1703, 100.0000000000000000 ) ;
#1726 =( GEOMETRIC_REPRESENTATION_CONTEXT ( 3 ) GLOBAL_UNCERTAINTY_ASSIGNED_CONTEXT ( ( #1279 ) ) GLOBAL_UNIT_ASSIGNED_CONTEXT ( ( #1182, #618, #213 ) ) REPRESENTATION_CONTEXT ( 'NONE', 'WORKASPACE' ) );
#1727 = DIRECTION ( 'NONE',  ( 1.224646799147350002E-16, -1.000000000000000000, 0.0000000000000000000 ) ) ;
#1728 = UNCERTAINTY_MEASURE_WITH_UNIT (LENGTH_MEASURE( 1.000000000000000082E-05 ), #1639, 'distance_accuracy_value', 'NONE');
#1729 = DIRECTION ( 'NONE',  ( 0.0000000000000000000, 0.0000000000000000000, 1.000000000000000000 ) ) ;
#1730 = MECHANICAL_DESIGN_GEOMETRIC_PRESENTATION_REPRESENTATION (  '', ( #296 ), #470 ) ;
#1731 = SURFACE_STYLE_USAGE ( .BOTH. , #152 ) ;
#1732 = PRESENTATION_STYLE_ASSIGNMENT (( #789 ) ) ;
#1733 = VERTEX_POINT ( 'NONE', #1312 ) ;
#1734 = DIRECTION ( 'NONE',  ( 1.000000000000000000, -4.251917966649539950E-15, 0.0000000000000000000 ) ) ;
#1735 = EDGE_CURVE ( 'NONE', #1110, #240, #500, .T. ) ;
#1736 = DIRECTION ( 'NONE',  ( 0.0000000000000000000, 1.000000000000000000, 0.0000000000000000000 ) ) ;
#1737 = CARTESIAN_POINT ( 'NONE',  ( 0.07000000000000278222, -0.3249999999999996225, 0.4499999999999920730 ) ) ;
#1738 = DIRECTION ( 'NONE',  ( 0.0000000000000000000, -1.000000000000000000, -9.705745780986710724E-31 ) ) ;
#1739 = EDGE_LOOP ( 'NONE', ( #551, #352, #593, #1254 ) ) ;
#1740 = CARTESIAN_POINT ( 'NONE',  ( 6.240000000000000213, 0.2100000000000000755, -0.08300000000000000433 ) ) ;
#1741 = FILL_AREA_STYLE_COLOUR ( '', #544 ) ;
#1742 = UNCERTAINTY_MEASURE_WITH_UNIT (LENGTH_MEASURE( 1.000000000000000082E-05 ), #1405, 'distance_accuracy_value', 'NONE');
#1743 = EDGE_CURVE ( 'NONE', #1231, #569, #1454, .T. ) ;
#1744 = CARTESIAN_POINT ( 'NONE',  ( 0.01976150890414489839, 0.01499999999999999598, -0.4500000000000000666 ) ) ;
#1745 = CARTESIAN_POINT ( 'NONE',  ( 2.939999999999999947, 0.0000000000000000000, 0.0000000000000000000 ) ) ;
#1746 = EDGE_LOOP ( 'NONE', ( #429, #567, #645, #1242 ) ) ;
#1747 = COLOUR_RGB ( '',0.5686274509803921351, 0.5686274509803921351, 0.0000000000000000000 ) ;
#1748 = LINE ( 'NONE', #241, #1280 ) ;
#1749 =( GEOMETRIC_REPRESENTATION_CONTEXT ( 3 ) GLOBAL_UNCERTAINTY_ASSIGNED_CONTEXT ( ( #585 ) ) GLOBAL_UNIT_ASSIGNED_CONTEXT ( ( #1159, #1775, #1219 ) ) REPRESENTATION_CONTEXT ( 'NONE', 'WORKASPACE' ) );
#1750 = SURFACE_STYLE_FILL_AREA ( #66 ) ;
#1751 = COLOUR_RGB ( '',0.7803921568627451011, 0.7372549019607843590, 0.6862745098039215730 ) ;
#1752 = DIRECTION ( 'NONE',  ( -1.000000000000000000, -0.0000000000000000000, 0.0000000000000000000 ) ) ;
#1753 = AXIS2_PLACEMENT_3D ( 'NONE', #683, #947, #424 ) ;
#1754 =( NAMED_UNIT ( * ) SI_UNIT ( $, .STERADIAN. ) SOLID_ANGLE_UNIT ( ) );
#1755 =( NAMED_UNIT ( * ) PLANE_ANGLE_UNIT ( ) SI_UNIT ( $, .RADIAN. ) );
#1756 = MECHANICAL_DESIGN_GEOMETRIC_PRESENTATION_REPRESENTATION (  '', ( #1519 ), #1195 ) ;
#1757 = DIRECTION ( 'NONE',  ( 0.0000000000000000000, -1.000000000000000000, 0.0000000000000000000 ) ) ;
#1758 = ORIENTED_EDGE ( 'NONE', *, *, #1490, .T. ) ;
#1759 = VECTOR ( 'NONE', #1346, 100.0000000000000000 ) ;
#1760 = PRESENTATION_LAYER_ASSIGNMENT (  '', '', ( #242 ) ) ;
#1761 = CARTESIAN_POINT ( 'NONE',  ( 0.0000000000000000000, 0.0000000000000000000, 0.0000000000000000000 ) ) ;
#1762 = UNCERTAINTY_MEASURE_WITH_UNIT (LENGTH_MEASURE( 1.000000000000000082E-05 ), #1, 'distance_accuracy_value', 'NONE');
#1763 = LINE ( 'NONE', #1506, #1759 ) ;
#1764 = LINE ( 'NONE', #909, #1303 ) ;
#1765 = SURFACE_STYLE_FILL_AREA ( #208 ) ;
#1766 =( NAMED_UNIT ( * ) SI_UNIT ( $, .STERADIAN. ) SOLID_ANGLE_UNIT ( ) );
#1767 = ORIENTED_EDGE ( 'NONE', *, *, #1809, .F. ) ;
#1768 = EDGE_CURVE ( 'NONE', #713, #456, #786, .T. ) ;
#1769 = CARTESIAN_POINT ( 'NONE',  ( -6.515154826417661036E-16, 4.282000000000000028, 0.08100000000000000255 ) ) ;
#1770 = SURFACE_SIDE_STYLE ('',( #498 ) ) ;
#1771 = LINE ( 'NONE', #1068, #313 ) ;
#1772 = SURFACE_STYLE_USAGE ( .BOTH. , #651 ) ;
#1773 = SURFACE_STYLE_USAGE ( .BOTH. , #114 ) ;
#1774 = ORIENTED_EDGE ( 'NONE', *, *, #1100, .T. ) ;
#1775 =( NAMED_UNIT ( * ) PLANE_ANGLE_UNIT ( ) SI_UNIT ( $, .RADIAN. ) );
#1776 = MECHANICAL_DESIGN_GEOMETRIC_PRESENTATION_REPRESENTATION (  '', ( #1386 ), #71 ) ;
#1777 = CLOSED_SHELL ( 'NONE', ( #764, #785, #505, #1566, #1459, #1778, #574, #1225, #513, #1029, #371, #1494, #1516, #801, #67, #197, #433, #1065 ) ) ;
#1778 = ADVANCED_FACE ( 'NONE', ( #1214 ), #103, .T. ) ;
#1779 = CARTESIAN_POINT ( 'NONE',  ( 0.1999999999999990119, 0.5539999999999990488, -0.08349999999999989375 ) ) ;
#1780 = PRESENTATION_LAYER_ASSIGNMENT (  '', '', ( #354 ) ) ;
#1781 = CARTESIAN_POINT ( 'NONE',  ( -0.06499999999999969691, -0.2949999999999989853, -0.1999999999999990119 ) ) ;
#1782 = FACE_OUTER_BOUND ( 'NONE', #307, .T. ) ;
#1783 = COLOUR_RGB ( '',0.5686274509803921351, 0.5686274509803921351, 0.0000000000000000000 ) ;
#1784 = PLANE ( 'NONE',  #109 ) ;
#1785 = ORIENTED_EDGE ( 'NONE', *, *, #1016, .F. ) ;
#1786 = SURFACE_STYLE_FILL_AREA ( #531 ) ;
#1787 =( GEOMETRIC_REPRESENTATION_CONTEXT ( 3 ) GLOBAL_UNCERTAINTY_ASSIGNED_CONTEXT ( ( #467 ) ) GLOBAL_UNIT_ASSIGNED_CONTEXT ( ( #1296, #844, #243 ) ) REPRESENTATION_CONTEXT ( 'NONE', 'WORKASPACE' ) );
#1788 = PRESENTATION_STYLE_ASSIGNMENT (( #680 ) ) ;
#1789 = SURFACE_SIDE_STYLE ('',( #831 ) ) ;
#1790 = LINE ( 'NONE', #533, #1213 ) ;
#1791 = LINE ( 'NONE', #1095, #1631 ) ;
#1792 = CARTESIAN_POINT ( 'NONE',  ( 0.1699999999999999845, -0.3250000000000000111, -0.4500000000000000666 ) ) ;
#1793 = ORIENTED_EDGE ( 'NONE', *, *, #1673, .F. ) ;
#1794 = DIRECTION ( 'NONE',  ( -0.0000000000000000000, 0.0000000000000000000, 1.000000000000000000 ) ) ;
#1795 = ORIENTED_EDGE ( 'NONE', *, *, #1156, .T. ) ;
#1796 =( NAMED_UNIT ( * ) SI_UNIT ( $, .STERADIAN. ) SOLID_ANGLE_UNIT ( ) );
#1797 = PLANE ( 'NONE',  #1014 ) ;
#1798 = DIRECTION ( 'NONE',  ( -1.000000000000000000, 0.0000000000000000000, 0.0000000000000000000 ) ) ;
#1799 = CARTESIAN_POINT ( 'NONE',  ( 3.140000000000000568, 4.251999999999999780, -0.08300000000000000433 ) ) ;
#1800 = EDGE_CURVE ( 'NONE', #1660, #1807, #1489, .T. ) ;
#1801 = ORIENTED_EDGE ( 'NONE', *, *, #138, .F. ) ;
#1802 = FILL_AREA_STYLE ('',( #842 ) ) ;
#1803 = ORIENTED_EDGE ( 'NONE', *, *, #176, .T. ) ;
#1804 = COLOUR_RGB ( '',0.7803921568627451011, 0.7372549019607843590, 0.6862745098039215730 ) ;
#1805 = SURFACE_STYLE_USAGE ( .BOTH. , #269 ) ;
#1806 = CARTESIAN_POINT ( 'NONE',  ( 3.140000000000000568, 2.141000000000000014, 0.08100000000000000255 ) ) ;
#1807 = VERTEX_POINT ( 'NONE', #1480 ) ;
#1808 = AXIS2_PLACEMENT_3D ( 'NONE', #144, #1798, #982 ) ;
#1809 = EDGE_CURVE ( 'NONE', #543, #1231, #1763, .T. ) ;
#1810 = VECTOR ( 'NONE', #1352, 100.0000000000000000 ) ;
#1811 = DIRECTION ( 'NONE',  ( 0.0000000000000000000, -0.0000000000000000000, -1.000000000000000000 ) ) ;
#1812 = DIRECTION ( 'NONE',  ( 0.0000000000000000000, 0.0000000000000000000, 1.000000000000000000 ) ) ;
#1813 = ORIENTED_EDGE ( 'NONE', *, *, #477, .F. ) ;
#1814 = COLOUR_RGB ( '',0.7803921568627451011, 0.7372549019607843590, 0.6862745098039215730 ) ;
#1815 = PRODUCT_DEFINITION_SHAPE ( 'NONE', 'NONE',  #774 ) ;
#1816 = DIRECTION ( 'NONE',  ( 1.000000000000000000, 0.0000000000000000000, 0.0000000000000000000 ) ) ;
#1817 = SURFACE_STYLE_USAGE ( .BOTH. , #1556 ) ;
#1818 = SHAPE_REPRESENTATION ( 'Active area', ( #705 ), #643 ) ;
#1819 = DIRECTION ( 'NONE',  ( 0.0000000000000000000, 1.000000000000000000, -0.0000000000000000000 ) ) ;
#1820 = ORIENTED_EDGE ( 'NONE', *, *, #1468, .F. ) ;
#1821 = EDGE_CURVE ( 'NONE', #456, #147, #671, .T. ) ;
#1822 = NEXT_ASSEMBLY_USAGE_OCCURRENCE ( 'NAUO1', ' ', ' ', #619, #1327, $ ) ;
#1823 = NEXT_ASSEMBLY_USAGE_OCCURRENCE ( 'NAUO2', ' ', ' ', #619, #1574, $ ) ;
#1824 = NEXT_ASSEMBLY_USAGE_OCCURRENCE ( 'NAUO3', ' ', ' ', #619, #774, $ ) ;
ENDSEC;
END-ISO-10303-21;
